Solution #,Timestamp,v1,v2,v3,v4,v5,v6,v7,v8,v9,v10,v11,v12,v13,v14,v15,v16,v17,v18,v19,v20,v21,v22,v23,v24,v25,v26
1,2025-07-18 16:36:15,1,13,2,9,21,19,14,7,22,25,8,12,16,23,4,6,24,15,10,17,20,5,18,26,3,11
2,2025-07-18 16:36:29,2,13,1,9,23,16,12,8,25,22,7,14,19,21,6,4,26,18,5,20,17,10,15,24,3,11
3,2025-07-18 16:36:35,1,15,2,4,22,21,5,11,25,20,3,12,26,16,8,13,14,24,6,17,23,7,18,19,9,10
4,2025-07-18 16:36:39,1,15,2,4,17,26,5,9,22,23,8,12,18,24,11,7,19,25,3,21,16,13,14,20,6,10
5,2025-07-18 16:36:48,1,15,4,2,23,22,9,5,26,17,7,11,24,18,12,8,16,21,3,25,19,6,20,14,13,10
6,2025-07-18 16:36:49,1,15,4,2,20,25,11,5,21,22,13,8,16,26,12,3,23,17,6,24,14,9,19,18,7,10
7,2025-07-18 16:37:07,1,14,4,7,16,25,10,6,21,23,9,15,12,26,3,11,20,17,8,22,18,2,19,24,5,13
8,2025-07-18 16:37:15,1,16,3,5,18,23,7,10,22,21,8,11,20,19,6,15,12,24,9,13,25,2,17,26,4,14
9,2025-07-18 16:37:15,1,16,3,5,19,22,7,10,23,20,8,11,21,18,6,15,12,24,9,13,25,2,17,26,4,14
10,2025-07-18 16:37:15,1,14,3,8,24,16,15,5,26,19,10,11,20,18,6,7,25,12,9,22,17,2,23,21,4,13
11,2025-07-18 16:37:18,4,14,2,9,24,12,15,6,26,17,11,8,25,13,10,7,22,19,5,18,21,3,20,23,1,16
12,2025-07-18 16:37:18,4,14,2,9,24,12,15,6,26,17,11,8,25,13,10,7,23,18,5,19,20,3,21,22,1,16
13,2025-07-18 16:37:20,6,10,7,9,14,24,5,11,17,23,3,12,18,19,8,13,22,21,1,25,20,2,26,16,4,15
14,2025-07-18 16:37:26,3,10,13,6,19,25,5,9,21,16,8,12,14,20,11,7,17,26,1,22,23,2,18,24,4,15
15,2025-07-18 16:37:37,13,10,3,6,20,14,12,8,16,21,9,5,25,19,7,11,24,18,2,23,22,1,26,17,4,15
16,2025-07-18 16:37:38,6,10,3,13,14,20,11,7,19,25,5,9,21,16,8,12,18,24,4,17,26,1,22,23,2,15
17,2025-07-18 16:37:51,1,14,8,3,19,26,5,15,16,24,7,6,18,20,11,10,17,22,9,12,25,4,21,23,2,13
18,2025-07-18 16:37:52,1,16,5,3,21,22,10,7,23,18,15,6,19,20,11,8,25,13,9,24,12,4,26,17,2,14
19,2025-07-18 16:37:52,1,16,5,3,20,23,10,7,22,19,15,6,18,21,11,8,25,13,9,24,12,4,26,17,2,14
20,2025-07-18 16:37:53,10,11,5,3,24,15,14,7,17,20,8,12,18,26,4,6,21,19,1,22,25,2,16,23,9,13
21,2025-07-18 16:37:59,3,10,6,13,16,21,9,5,25,19,7,11,20,14,12,8,23,22,1,26,17,4,24,18,2,15
22,2025-07-18 16:38:01,7,10,6,9,19,18,12,3,23,17,11,5,24,14,13,8,16,26,2,20,25,1,21,22,4,15
23,2025-07-18 16:38:04,4,13,2,9,12,25,7,6,21,23,11,10,17,22,5,15,16,24,8,18,20,3,19,26,1,14
24,2025-07-18 16:38:09,1,14,7,4,23,21,6,10,25,16,11,3,26,12,15,9,18,22,8,17,20,5,24,19,2,13
25,2025-07-18 16:38:18,1,13,9,2,25,22,7,14,19,21,6,4,23,16,12,8,20,17,10,15,24,3,26,18,5,11
26,2025-07-18 16:38:19,4,13,9,2,23,21,6,7,25,12,15,5,22,17,10,11,20,18,8,24,16,1,26,19,3,14
27,2025-07-18 16:38:20,5,13,8,2,19,24,3,11,20,17,10,6,22,18,9,15,12,26,7,16,25,1,21,23,4,14
28,2025-07-18 16:38:20,4,14,9,2,17,26,6,15,12,24,7,10,13,25,8,11,20,19,5,18,23,1,22,21,3,16
29,2025-07-18 16:38:22,4,14,9,2,17,26,6,15,12,24,7,10,13,25,8,11,21,18,5,19,22,1,23,20,3,16
30,2025-07-18 16:38:28,3,11,10,5,18,26,4,6,24,15,14,7,17,20,8,12,16,23,9,21,19,1,22,25,2,13
31,2025-07-18 16:38:28,3,11,5,10,15,24,6,4,26,18,12,8,20,17,7,14,19,21,9,23,16,2,25,22,1,13
32,2025-07-18 16:38:29,9,10,6,7,18,19,8,13,14,24,5,11,17,23,3,12,26,16,4,22,21,1,25,20,2,15
33,2025-07-18 16:38:30,9,13,2,4,25,12,15,5,22,17,10,11,23,21,6,7,24,16,1,26,19,3,20,18,8,14
34,2025-07-18 16:38:32,9,14,2,4,12,24,7,10,13,25,8,11,17,26,6,15,19,22,1,23,20,3,21,18,5,16
35,2025-07-18 16:38:32,9,14,2,4,12,24,7,10,13,25,8,11,17,26,6,15,18,23,1,22,21,3,20,19,5,16
36,2025-07-18 16:38:33,5,13,2,8,17,20,11,3,24,19,15,9,18,22,6,10,25,16,7,26,12,4,23,21,1,14
37,2025-07-18 16:38:33,2,13,9,4,21,23,11,10,17,22,5,15,12,25,7,6,18,20,3,19,26,1,16,24,8,14
38,2025-07-18 16:38:33,2,13,8,5,24,19,15,9,18,22,6,10,17,20,11,3,26,12,4,23,21,1,25,16,7,14
39,2025-07-18 16:38:34,3,16,5,1,23,20,8,11,21,18,6,15,19,22,7,10,13,25,2,17,26,4,12,24,9,14
40,2025-07-18 16:38:35,3,16,5,1,22,21,8,11,20,19,6,15,18,23,7,10,13,25,2,17,26,4,12,24,9,14
41,2025-07-18 16:38:35,5,16,3,1,22,19,15,6,18,21,11,8,20,23,10,7,24,12,4,26,17,2,25,13,9,14
42,2025-07-18 16:38:35,5,16,3,1,23,18,15,6,19,20,11,8,21,22,10,7,24,12,4,26,17,2,25,13,9,14
43,2025-07-18 16:38:36,8,14,3,1,16,24,7,6,18,20,11,10,19,26,5,15,12,25,4,21,23,2,17,22,9,13
44,2025-07-18 16:38:39,2,14,9,4,26,17,11,8,25,13,10,7,24,12,15,6,18,21,3,20,23,1,22,19,5,16
45,2025-07-18 16:38:39,2,14,9,4,26,17,11,8,25,13,10,7,24,12,15,6,19,20,3,21,22,1,23,18,5,16
46,2025-07-18 16:38:41,2,15,4,1,22,23,8,12,18,24,11,7,17,26,5,9,21,16,13,14,20,6,19,25,3,10
47,2025-07-18 16:38:45,3,14,1,8,18,20,11,10,19,26,5,15,16,24,7,6,21,23,2,17,22,9,12,25,4,13
48,2025-07-18 16:38:45,4,15,1,2,18,24,11,7,17,26,5,9,22,23,8,12,14,20,6,19,25,3,21,16,13,10
49,2025-07-18 16:38:51,5,11,10,3,26,18,12,8,20,17,7,14,15,24,6,4,23,16,2,25,22,1,19,21,9,13
50,2025-07-18 16:38:57,6,10,13,3,25,19,7,11,20,14,12,8,16,21,9,5,26,17,4,24,18,2,23,22,1,15
51,2025-07-18 16:38:59,4,15,2,1,26,17,7,11,24,18,12,8,23,22,9,5,25,19,6,20,14,13,16,21,3,10
52,2025-07-18 16:38:59,4,15,2,1,21,22,13,8,16,26,12,3,20,25,11,5,24,14,9,19,18,7,23,17,6,10
53,2025-07-18 16:39:03,2,15,1,4,24,18,12,8,23,22,9,5,26,17,7,11,20,14,13,16,21,3,25,19,6,10
54,2025-07-18 16:39:08,2,14,4,9,13,25,8,11,17,26,6,15,12,24,7,10,23,20,3,21,18,5,19,22,1,16
55,2025-07-18 16:39:08,2,14,4,9,13,25,8,11,17,26,6,15,12,24,7,10,22,21,3,20,19,5,18,23,1,16
56,2025-07-18 16:39:08,2,13,4,9,22,17,10,11,23,21,6,7,25,12,15,5,26,19,3,20,18,8,24,16,1,14
57,2025-07-18 16:39:10,2,13,5,8,22,18,9,15,19,24,3,11,20,17,10,6,21,23,4,12,26,7,16,25,1,14
58,2025-07-18 16:39:10,6,10,9,7,23,17,11,5,24,14,13,8,19,18,12,3,20,25,1,21,22,4,16,26,2,15
59,2025-07-18 16:39:16,3,16,1,5,18,21,11,8,20,23,10,7,22,19,15,6,26,17,2,25,13,9,24,12,4,14
60,2025-07-18 16:39:16,3,16,1,5,19,20,11,8,21,22,10,7,23,18,15,6,26,17,2,25,13,9,24,12,4,14
61,2025-07-18 16:39:31,4,14,1,7,26,12,15,9,23,21,6,10,25,16,11,3,24,19,2,18,22,8,17,20,5,13
62,2025-07-18 16:39:36,9,13,1,2,16,23,4,6,21,19,14,7,22,25,8,12,18,26,3,24,15,10,17,20,5,11
63,2025-07-18 16:39:37,7,14,4,1,25,16,11,3,26,12,15,9,23,21,6,10,17,20,5,24,19,2,18,22,8,13
64,2025-07-18 16:39:41,9,13,4,2,17,22,5,15,12,25,7,6,21,23,11,10,19,26,1,16,24,8,18,20,3,14
65,2025-07-18 16:39:41,8,13,2,5,20,17,10,6,22,18,9,15,19,24,3,11,16,25,1,21,23,4,12,26,7,14
66,2025-07-18 16:39:54,9,14,4,2,25,13,10,7,24,12,15,6,26,17,11,8,20,23,1,22,19,5,18,21,3,16
67,2025-07-18 16:39:54,9,14,4,2,25,13,10,7,24,12,15,6,26,17,11,8,21,22,1,23,18,5,19,20,3,16
68,2025-07-18 16:39:56,4,15,1,2,26,16,8,13,22,21,5,11,25,20,3,12,18,19,9,14,24,6,17,23,7,10
69,2025-07-18 16:39:58,8,13,5,2,18,22,6,10,17,20,11,3,24,19,15,9,23,21,1,25,16,7,26,12,4,14
70,2025-07-18 16:39:59,5,16,1,3,20,19,6,15,18,23,7,10,22,21,8,11,17,26,4,12,24,9,13,25,2,14
71,2025-07-18 16:39:59,5,16,1,3,21,18,6,15,19,22,7,10,23,20,8,11,17,26,4,12,24,9,13,25,2,14
72,2025-07-18 16:40:00,8,14,1,3,20,18,6,7,24,16,15,5,26,19,10,11,23,21,4,25,12,9,22,17,2,13
73,2025-07-18 16:40:00,2,13,9,1,22,25,8,12,16,23,4,6,21,19,14,7,17,20,5,18,26,3,24,15,10,11
74,2025-07-18 16:40:01,3,14,8,1,26,19,10,11,20,18,6,7,24,16,15,5,22,17,2,23,21,4,25,12,9,13
75,2025-07-18 16:40:01,2,15,4,1,25,20,3,12,26,16,8,13,22,21,5,11,17,23,7,18,19,9,14,24,6,10
76,2025-07-18 16:40:03,9,10,7,6,24,14,13,8,19,18,12,3,23,17,11,5,21,22,4,16,26,2,20,25,1,15
77,2025-07-18 16:40:07,10,11,3,5,20,17,7,14,15,24,6,4,26,18,12,8,25,22,1,19,21,9,23,16,2,13
78,2025-07-18 16:40:09,5,11,3,10,17,20,8,12,18,26,4,6,24,15,14,7,22,25,2,16,23,9,21,19,1,13
79,2025-07-18 16:40:12,7,14,1,4,12,26,3,11,16,25,10,6,21,23,9,15,19,24,5,20,17,8,22,18,2,13
80,2025-07-18 16:40:16,7,10,9,6,17,23,3,12,18,19,8,13,14,24,5,11,25,20,2,26,16,4,22,21,1,15
81,2025-07-18 16:40:17,2,15,1,4,16,26,12,3,20,25,11,5,21,22,13,8,19,18,7,23,17,6,24,14,9,10
82,2025-07-18 16:40:20,4,14,7,1,21,23,9,15,12,26,3,11,16,25,10,6,22,18,2,19,24,5,20,17,8,13
83,2025-07-18 16:40:30,13,10,6,3,21,16,8,12,14,20,11,7,19,25,5,9,22,23,2,18,24,4,17,26,1,15
84,2025-07-18 16:40:37,9,13,2,1,19,21,6,4,23,16,12,8,25,22,7,14,15,24,3,26,18,5,20,17,10,11
