Solution #,Timestamp,v1,v2,v3,v4,v5,v6,v7,v8,v9,v10,v11,v12,v13,v14,v15,v16,v17,v18,v19,v20,v21,v22,v23,v24,carbon,Sp,Sh,pair_id
1,7/14/2025 7:52,13,6,5,9,8,1,14,21,18,16,22,17,23,24,12,20,19,10,15,3,4,7,11,2,c24,68,42,p1
2,7/14/2025 7:52,6,8,5,1,13,9,11,15,22,16,21,23,19,20,17,24,18,10,12,4,14,2,3,7,c24,68,42,p1
3,7/14/2025 7:52,5,6,12,2,13,4,17,11,18,21,19,22,20,23,24,15,10,16,9,1,7,3,8,14,c24,68,42,p1
4,7/14/2025 7:52,8,7,2,11,4,10,13,24,20,16,21,14,23,17,9,19,22,18,1,12,3,15,5,6,c24,68,42,p1
5,7/14/2025 7:52,2,6,4,5,13,12,16,7,21,23,17,24,14,20,22,15,18,19,3,8,10,9,1,11,c24,68,42,p1
6,7/14/2025 7:52,3,15,5,6,1,12,23,18,22,19,9,17,13,14,21,16,20,24,4,10,8,7,2,11,c24,68,42,p1
7,7/14/2025 7:52,4,9,7,15,5,2,17,20,18,12,19,22,23,24,10,16,21,14,6,3,1,13,11,8,c24,68,42,p1
8,7/14/2025 7:52,4,9,7,15,5,2,17,20,18,12,19,22,23,24,10,16,21,14,8,1,3,11,13,6,c24,68,42,p1
9,7/14/2025 7:52,8,3,11,1,9,10,20,22,15,18,19,14,16,7,21,23,17,24,2,12,13,5,4,6,c24,68,42,p1
10,7/14/2025 7:52,2,11,8,6,10,5,15,20,23,12,16,22,24,18,9,19,21,17,1,4,7,14,3,13,c24,68,42,p1
11,7/14/2025 7:52,15,5,6,1,12,3,17,23,18,22,19,9,24,13,14,21,16,20,11,4,10,8,7,2,c24,68,42,p1
12,7/14/2025 7:52,11,5,9,12,1,4,22,24,13,20,19,10,21,17,18,14,15,23,8,6,2,7,16,3,c24,68,42,p1
13,7/14/2025 7:52,7,14,3,13,1,4,24,17,21,19,9,18,15,22,16,12,23,20,10,5,2,11,8,6,c24,68,42,p1
14,7/14/2025 7:52,8,10,9,1,11,3,19,18,15,22,20,14,24,17,23,21,7,16,12,2,6,4,5,13,c24,68,42,p1
15,7/14/2025 7:52,7,5,6,8,1,15,10,24,23,14,21,16,20,18,12,17,22,19,4,9,11,3,13,2,c24,68,42,p1
16,7/14/2025 7:52,3,8,6,2,7,16,14,18,17,21,23,15,20,13,24,22,10,19,5,9,12,1,4,11,c24,68,42,p1
17,7/14/2025 7:52,5,13,12,2,6,4,23,17,24,16,7,21,15,18,19,14,20,22,9,1,11,3,8,10,c24,68,42,p1
18,7/14/2025 7:52,4,6,2,12,13,5,21,7,16,24,17,23,15,22,20,14,19,18,11,1,9,10,8,3,c24,68,42,p1
19,7/14/2025 7:52,11,3,8,10,9,1,15,22,20,14,19,18,23,21,7,16,24,17,6,4,5,13,12,2,c24,68,42,p1
20,7/14/2025 7:52,2,12,6,5,4,13,11,17,22,19,21,18,24,23,20,16,10,15,8,3,7,1,9,14,c24,68,42,p1
21,7/14/2025 7:52,6,4,5,13,12,2,24,16,7,21,23,17,19,14,20,22,15,18,11,3,8,10,9,1,c24,68,42,p1
22,7/14/2025 7:52,10,9,1,11,3,8,14,19,18,15,22,20,16,24,17,23,21,7,13,12,2,6,4,5,c24,68,42,p1
23,7/14/2025 7:52,14,5,6,7,1,9,19,22,15,24,20,8,18,17,23,16,13,21,11,10,4,2,12,3,c24,68,42,p1
24,7/14/2025 7:52,11,4,10,8,7,2,16,21,14,13,24,20,19,22,18,23,17,9,15,5,6,1,12,3,c24,68,42,p1
25,7/14/2025 7:52,2,13,4,5,6,12,21,19,22,17,11,18,15,10,16,20,23,24,3,8,14,9,1,7,c24,68,42,p1
26,7/14/2025 7:52,10,5,2,4,14,7,12,19,22,17,20,18,21,16,9,23,24,15,6,8,11,13,1,3,c24,68,42,p1
27,7/14/2025 7:52,10,5,2,4,14,7,12,19,22,17,20,18,21,16,9,23,24,15,8,6,13,11,3,1,c24,68,42,p1
28,7/14/2025 7:52,15,5,2,4,9,7,12,19,22,17,20,18,16,21,14,23,24,10,13,11,8,6,3,1,c24,68,42,p1
29,7/14/2025 7:52,15,5,2,4,9,7,12,19,22,17,20,18,16,21,14,23,24,10,11,13,6,8,1,3,c24,68,42,p1
30,7/14/2025 7:52,12,13,5,4,6,2,24,17,23,21,7,16,14,19,18,15,22,20,10,8,3,11,1,9,c24,68,42,p1
31,7/14/2025 7:52,11,12,4,7,5,3,24,17,21,23,9,14,16,19,18,13,20,22,15,1,8,6,10,2,c24,68,42,p1
32,7/14/2025 7:52,14,9,1,7,3,8,15,24,23,20,16,10,21,18,11,17,22,19,6,12,2,13,4,5,c24,68,42,p1
33,7/14/2025 7:52,6,2,12,13,5,4,23,21,7,16,24,17,18,15,22,20,14,19,3,11,1,9,10,8,c24,68,42,p1
34,7/14/2025 7:52,14,9,1,7,6,5,20,24,15,22,19,8,21,13,16,23,17,18,10,11,3,12,2,4,c24,68,42,p1
35,7/14/2025 7:52,7,4,3,15,2,11,20,19,10,23,24,12,18,16,22,17,14,21,8,9,5,6,13,1,c24,68,42,p1
36,7/14/2025 7:52,5,6,15,1,7,8,18,21,20,9,16,24,13,14,19,23,22,17,3,11,12,2,4,10,c24,68,42,p1
37,7/14/2025 7:52,6,1,12,3,15,5,19,9,17,23,18,22,16,20,24,13,14,21,7,2,11,4,10,8,c24,68,42,p1
38,7/14/2025 7:52,4,16,5,1,7,9,21,18,23,22,10,14,20,13,19,17,15,24,8,2,12,6,3,11,c24,68,42,p1
39,7/14/2025 7:52,10,8,3,11,1,9,22,15,18,19,14,20,7,21,23,17,24,16,12,13,5,4,6,2,c24,68,42,p1
40,7/14/2025 7:52,15,1,8,6,10,2,20,13,18,19,16,22,9,23,21,17,24,14,11,12,4,7,5,3,c24,68,42,p1
41,7/14/2025 7:52,4,8,5,14,1,10,15,18,23,17,16,19,20,24,12,9,22,21,2,6,3,11,13,7,c24,68,42,p1
42,7/14/2025 7:52,1,5,8,6,9,13,15,11,23,21,16,22,17,20,19,10,18,24,3,2,14,4,12,7,c24,68,42,p1
43,7/14/2025 7:52,7,1,9,14,5,6,24,20,8,19,22,15,16,13,21,18,17,23,2,12,3,11,10,4,c24,68,42,p1
44,7/14/2025 7:52,9,1,11,3,8,10,20,14,19,18,15,22,7,16,24,17,23,21,5,13,12,2,6,4,c24,68,42,p1
45,7/14/2025 7:52,10,8,7,2,11,4,24,20,16,21,14,13,17,9,19,22,18,23,12,3,15,5,6,1,c24,68,42,p1
46,7/14/2025 7:52,8,10,4,5,9,6,24,13,19,23,11,18,12,16,22,17,20,21,15,2,14,3,7,1,c24,68,42,p1
47,7/14/2025 7:52,7,1,9,14,8,3,24,15,10,16,20,23,11,18,21,19,22,17,4,13,2,12,6,5,c24,68,42,p1
48,7/14/2025 7:52,10,4,9,3,5,11,14,22,21,12,19,20,13,16,17,23,24,15,2,18,7,6,1,8,c24,68,42,p1
49,7/14/2025 7:52,1,9,2,14,3,13,20,11,18,24,16,19,15,21,22,10,17,23,7,4,8,6,12,5,c24,68,42,p1
50,7/14/2025 7:52,4,5,13,12,2,6,17,24,16,7,21,23,18,19,14,20,22,15,1,11,3,8,10,9,c24,68,42,p1
51,7/14/2025 7:52,3,8,10,9,1,11,18,15,22,20,14,19,17,23,21,7,16,24,2,6,4,5,13,12,c24,68,42,p1
52,7/14/2025 7:52,3,11,1,9,10,8,14,20,22,15,18,19,24,16,7,21,23,17,6,2,12,13,5,4,c24,68,42,p1
53,7/14/2025 7:52,11,1,9,10,8,3,19,14,20,22,15,18,17,24,16,7,21,23,4,6,2,12,13,5,c24,68,42,p1
54,7/14/2025 7:52,12,3,11,10,4,2,23,17,18,21,13,16,15,22,19,8,20,24,6,7,1,9,14,5,c24,68,42,p1
55,7/14/2025 7:52,9,4,2,13,3,11,18,12,17,22,19,20,10,24,23,14,21,16,7,15,1,8,6,5,c24,68,42,p1
56,7/14/2025 7:52,1,10,4,8,5,14,23,17,16,19,15,18,12,9,22,21,20,24,3,11,13,7,2,6,c24,68,42,p1
57,7/14/2025 7:52,4,10,5,14,3,6,19,17,22,16,13,21,18,23,12,11,24,20,2,7,1,15,8,9,c24,68,42,p1
58,7/14/2025 7:52,12,1,6,5,15,3,17,9,19,22,18,23,13,24,20,16,21,14,8,10,4,11,2,7,c24,68,42,p1
59,7/14/2025 7:52,5,2,4,9,7,15,18,12,19,22,17,20,10,16,21,14,23,24,1,13,11,8,6,3,c24,68,42,p1
60,7/14/2025 7:52,11,3,10,4,2,12,14,19,23,22,17,13,18,21,20,9,16,24,5,8,7,1,15,6,c24,68,42,p1
61,7/14/2025 7:52,4,14,2,3,7,12,10,18,24,17,20,19,23,21,16,22,15,11,9,6,8,5,1,13,c24,68,42,p1
62,7/14/2025 7:52,7,6,5,14,9,1,22,19,8,20,24,15,23,17,18,21,13,16,12,2,4,10,11,3,c24,68,42,p1
63,7/14/2025 7:52,2,12,13,5,4,6,17,23,21,7,16,24,19,18,15,22,20,14,8,3,11,1,9,10,c24,68,42,p1
64,7/14/2025 7:52,11,3,12,2,4,10,18,17,23,16,13,21,8,19,22,15,24,20,5,14,9,1,7,6,c24,68,42,p1
65,7/14/2025 7:52,13,5,4,6,2,12,16,24,17,23,21,7,20,14,19,18,15,22,9,10,8,3,11,1,c24,68,42,p1
66,7/14/2025 7:52,13,3,14,2,9,1,19,16,24,18,11,20,15,23,17,10,22,21,8,4,7,5,12,6,c24,68,42,p1
67,7/14/2025 7:52,1,7,6,5,14,9,19,8,20,24,15,22,17,18,21,13,16,23,2,4,10,11,3,12,c24,68,42,p1
68,7/14/2025 7:52,4,14,1,6,7,10,19,21,22,16,13,17,18,11,12,23,24,20,8,5,15,9,2,3,c24,68,42,p1
69,7/14/2025 7:52,1,9,10,8,3,11,18,19,14,20,22,15,23,17,24,16,7,21,5,4,6,2,12,13,c24,68,42,p1
70,7/14/2025 7:52,2,4,14,7,10,5,20,18,12,19,22,17,24,15,21,16,9,23,1,3,6,8,11,13,c24,68,42,p1
71,7/14/2025 7:52,10,4,6,13,1,8,21,18,14,24,19,12,17,20,22,11,15,23,9,7,3,5,16,2,c24,68,42,p1
72,7/14/2025 7:52,4,2,12,3,11,10,18,21,13,16,23,17,19,8,20,24,15,22,1,9,14,5,6,7,c24,68,42,p1
73,7/14/2025 7:52,8,6,2,7,16,3,15,14,18,17,21,23,19,20,13,24,22,10,11,5,9,12,1,4,c24,68,42,p1
74,7/14/2025 7:52,4,10,8,7,2,11,20,16,21,14,13,24,9,19,22,18,23,17,3,15,5,6,1,12,c24,68,42,p1
75,7/14/2025 7:52,2,12,6,3,11,8,24,15,17,19,13,20,14,10,22,23,18,21,9,4,16,5,1,7,c24,68,42,p1
76,7/14/2025 7:52,12,2,6,4,5,13,7,21,23,17,24,16,20,22,15,18,19,14,8,10,9,1,11,3,c24,68,42,p1
77,7/14/2025 7:52,8,11,13,1,3,6,14,23,24,10,16,21,19,22,17,20,18,12,7,9,4,2,5,15,c24,68,42,p1
78,7/14/2025 7:52,1,11,3,8,10,9,22,20,14,19,18,15,21,7,16,24,17,23,4,5,13,12,2,6,c24,68,42,p1
79,7/14/2025 7:52,10,4,2,12,3,11,21,13,16,23,17,18,8,20,24,15,22,19,9,14,5,6,7,1,c24,68,42,p1
80,7/14/2025 7:52,7,1,5,16,4,9,21,14,10,22,23,18,13,20,24,15,17,19,6,12,2,8,11,3,c24,68,42,p1
81,7/14/2025 7:52,13,1,3,6,8,11,16,21,15,24,23,9,19,12,18,20,17,22,4,14,7,10,5,2,c24,68,42,p1
82,7/14/2025 7:52,10,8,5,9,6,4,23,24,14,18,17,12,19,11,15,22,20,21,3,13,2,16,1,7,c24,68,42,p1
83,7/14/2025 7:52,5,4,6,2,12,13,7,16,24,17,23,21,22,20,14,19,18,15,1,9,10,8,3,11,c24,68,42,p1
84,7/14/2025 7:52,2,12,3,11,10,4,17,18,21,13,16,23,22,19,8,20,24,15,7,1,9,14,5,6,c24,68,42,p1
85,7/14/2025 7:52,7,5,12,6,8,4,15,21,22,10,17,23,19,20,11,18,24,16,9,1,13,3,14,2,c24,68,42,p1
86,7/14/2025 7:52,10,3,11,12,2,4,23,19,14,13,17,22,9,20,21,18,24,16,6,15,1,7,8,5,c24,68,42,p1
87,7/14/2025 7:52,9,14,5,6,7,1,22,15,24,20,8,19,17,23,16,13,21,18,10,4,2,12,3,11,c24,68,42,p1
88,7/14/2025 7:52,4,1,12,9,5,11,10,19,20,13,24,22,21,23,15,14,18,17,2,6,8,3,16,7,c24,68,42,p1
89,7/14/2025 7:52,3,5,11,10,4,9,12,19,20,14,22,21,23,24,15,13,16,17,6,1,8,2,18,7,c24,68,42,p1
90,7/14/2025 7:52,10,2,15,1,8,6,18,19,16,22,20,13,21,17,24,14,9,23,4,7,5,3,11,12,c24,68,42,p1
91,7/14/2025 7:52,1,15,6,5,8,7,21,18,24,16,9,20,19,14,13,17,22,23,4,2,12,11,3,10,c24,68,42,p1
92,7/14/2025 7:52,9,10,8,3,11,1,15,18,19,14,20,22,21,23,17,24,16,7,13,5,4,6,2,12,c24,68,42,p1
93,7/14/2025 7:52,10,6,8,1,15,2,20,22,16,19,18,13,23,9,14,24,17,21,7,4,12,11,3,5,c24,68,42,p1
94,7/14/2025 7:52,4,2,12,11,3,10,22,17,13,14,19,23,9,16,24,18,21,20,1,15,6,5,8,7,c24,68,42,p1
95,7/14/2025 7:53,7,15,5,2,4,9,19,22,17,20,18,12,21,14,23,24,10,16,11,8,6,3,1,13,c24,68,42,p1
96,7/14/2025 7:53,2,4,10,11,3,12,16,13,21,18,17,23,15,24,20,8,19,22,1,7,6,5,14,9,c24,68,42,p1
97,7/14/2025 7:53,5,14,9,1,7,6,24,15,22,19,8,20,13,16,23,17,18,21,11,3,12,2,4,10,c24,68,42,p1
98,7/14/2025 7:53,13,12,2,6,4,5,21,23,17,24,16,7,22,15,18,19,14,20,10,9,1,11,3,8,c24,68,42,p1
99,7/14/2025 7:53,3,12,2,4,10,11,21,18,17,23,16,13,20,8,19,22,15,24,6,5,14,9,1,7,c24,68,42,p1
100,7/14/2025 7:53,6,7,1,9,14,5,20,8,19,22,15,24,13,21,18,17,23,16,12,3,11,10,4,2,c24,68,42,p1
101,7/14/2025 7:53,3,9,4,10,11,5,22,14,20,19,12,21,17,16,13,15,24,23,1,6,7,18,2,8,c24,68,42,p1
102,7/14/2025 7:53,16,4,9,7,1,5,22,23,18,21,14,10,15,17,19,13,20,24,8,11,3,6,12,2,c24,68,42,p1
103,7/14/2025 7:53,14,1,10,4,8,5,17,16,19,15,18,23,9,22,21,20,24,12,11,13,7,2,6,3,c24,68,42,p1
104,7/14/2025 7:53,12,11,3,5,7,4,23,21,17,24,14,9,20,13,18,19,16,22,15,2,10,6,8,1,c24,68,42,p1
105,7/14/2025 7:53,5,15,3,12,1,6,22,18,23,17,9,19,16,21,14,13,24,20,11,2,7,8,10,4,c24,68,42,p1
106,7/14/2025 7:53,5,3,11,12,4,7,21,23,9,14,24,17,18,13,20,22,16,19,8,6,10,2,15,1,c24,68,42,p1
107,7/14/2025 7:53,9,1,13,3,14,2,24,18,11,20,19,16,17,10,22,21,15,23,7,5,12,6,8,4,c24,68,42,p1
108,7/14/2025 7:53,6,5,7,15,1,8,23,24,10,16,21,14,17,12,18,20,19,22,2,13,3,11,9,4,c24,68,42,p1
109,7/14/2025 7:53,3,6,2,7,13,11,12,9,22,21,20,24,18,23,17,16,19,15,10,1,14,5,8,4,c24,68,42,p1
110,7/14/2025 7:53,2,7,8,10,4,11,20,24,13,14,21,16,19,9,17,23,18,22,6,5,15,3,12,1,c24,68,42,p1
111,7/14/2025 7:53,1,8,6,10,2,15,22,20,13,18,19,16,14,9,23,21,17,24,3,11,12,4,7,5,c24,68,42,p1
112,7/14/2025 7:53,6,2,7,13,11,3,24,12,9,22,21,20,15,18,23,17,16,19,4,10,1,14,5,8,c24,68,42,p1
113,7/14/2025 7:53,7,9,4,2,5,15,18,20,17,22,19,12,16,10,24,23,14,21,8,11,13,1,3,6,c24,68,42,p1
114,7/14/2025 7:53,7,9,4,2,5,15,18,20,17,22,19,12,16,10,24,23,14,21,6,13,11,3,1,8,c24,68,42,p1
115,7/14/2025 7:53,9,1,7,6,5,14,8,20,24,15,22,19,18,21,13,16,23,17,4,10,11,3,12,2,c24,68,42,p1
116,7/14/2025 7:53,2,12,11,3,10,4,23,22,17,13,14,19,20,9,16,24,18,21,7,1,15,6,5,8,c24,68,42,p1
117,7/14/2025 7:53,5,7,4,12,11,3,24,14,9,23,21,17,19,16,22,20,13,18,6,8,1,15,2,10,c24,68,42,p1
118,7/14/2025 7:53,8,10,4,11,2,7,21,16,20,24,13,14,18,22,19,9,17,23,12,1,6,5,15,3,c24,68,42,p1
119,7/14/2025 7:53,7,6,1,14,4,10,19,17,13,16,22,21,11,18,20,24,23,12,9,15,5,8,3,2,c24,68,42,p1
120,7/14/2025 7:53,7,2,11,4,10,8,14,13,24,20,16,21,18,23,17,9,19,22,6,1,12,3,15,5,c24,68,42,p1
121,7/14/2025 7:53,3,6,4,10,5,14,22,16,13,21,19,17,12,11,24,20,18,23,1,15,8,9,2,7,c24,68,42,p1
122,7/14/2025 7:53,11,3,5,7,4,12,9,23,21,17,24,14,22,20,13,18,19,16,1,15,2,10,6,8,c24,68,42,p1
123,7/14/2025 7:53,4,12,11,3,5,7,21,17,24,14,9,23,13,18,19,16,22,20,2,10,6,8,1,15,c24,68,42,p1
124,7/14/2025 7:53,2,13,3,7,1,16,15,22,20,21,19,11,24,14,18,17,12,23,4,6,9,5,8,10,c24,68,42,p1
125,7/14/2025 7:53,11,13,1,3,6,8,21,15,24,23,9,16,12,18,20,17,22,19,14,7,10,5,2,4,c24,68,42,p1
126,7/14/2025 7:53,13,11,3,1,8,6,21,15,24,23,9,16,12,18,20,17,22,19,14,7,10,5,2,4,c24,68,42,p1
127,7/14/2025 7:53,6,5,14,9,1,7,15,22,19,8,20,24,16,23,17,18,21,13,3,12,2,4,10,11,c24,68,42,p1
128,7/14/2025 7:53,4,10,11,3,12,2,23,16,13,21,18,17,22,15,24,20,8,19,9,1,7,6,5,14,c24,68,42,p1
129,7/14/2025 7:53,9,15,5,8,3,2,23,24,20,18,11,12,22,16,13,17,19,21,7,6,1,14,4,10,c24,68,42,p1
130,7/14/2025 7:53,10,5,2,11,8,6,23,12,16,22,15,20,9,19,21,17,24,18,7,14,3,13,1,4,c24,68,42,p1
131,7/14/2025 7:53,8,5,1,13,9,6,23,11,15,22,16,21,10,19,20,17,24,18,7,12,4,14,2,3,c24,68,42,p1
132,7/14/2025 7:53,3,11,10,4,2,12,16,23,17,18,21,13,24,15,22,19,8,20,5,6,7,1,9,14,c24,68,42,p1
133,7/14/2025 7:53,10,11,3,12,2,4,17,23,16,13,21,18,19,22,15,24,20,8,14,9,1,7,6,5,c24,68,42,p1
134,7/14/2025 7:53,7,13,11,3,6,2,21,20,24,12,9,22,16,19,15,18,23,17,5,8,4,10,1,14,c24,68,42,p1
135,7/14/2025 7:53,3,1,13,11,8,6,14,21,16,10,24,23,22,19,12,18,20,17,2,4,9,7,15,5,c24,68,42,p1
136,7/14/2025 7:53,6,8,11,2,5,10,20,15,22,16,12,23,9,18,24,17,21,19,3,14,7,4,1,13,c24,68,42,p1
137,7/14/2025 7:53,6,9,13,1,5,8,21,16,22,15,11,23,10,18,24,17,20,19,4,12,7,3,2,14,c24,68,42,p1
138,7/14/2025 7:53,5,6,8,1,15,7,16,10,24,23,14,21,19,20,18,12,17,22,2,4,9,11,3,13,c24,68,42,p1
139,7/14/2025 7:53,8,7,1,15,6,5,24,16,9,20,21,18,13,17,22,23,19,14,12,11,3,10,4,2,c24,68,42,p1
140,7/14/2025 7:53,4,2,5,15,7,9,19,12,18,20,17,22,14,21,16,10,24,23,1,8,6,13,11,3,c24,68,42,p1
141,7/14/2025 7:53,6,15,1,7,8,5,24,18,21,20,9,16,17,13,14,19,23,22,10,3,11,12,2,4,c24,68,42,p1
142,7/14/2025 7:53,3,7,1,9,14,8,15,10,16,20,23,24,18,21,19,22,17,11,13,2,12,6,5,4,c24,68,42,p1
143,7/14/2025 7:53,11,3,1,8,6,13,16,21,15,24,23,9,19,12,18,20,17,22,4,14,7,10,5,2,c24,68,42,p1
144,7/14/2025 7:53,4,5,6,12,2,13,11,18,21,19,22,17,23,24,15,10,16,20,1,7,3,8,14,9,c24,68,42,p1
145,7/14/2025 7:53,12,7,3,2,14,4,19,20,17,24,18,10,23,11,15,22,16,21,8,6,9,13,1,5,c24,68,42,p1
146,7/14/2025 7:53,8,1,15,2,10,6,18,13,20,22,16,19,17,21,23,9,14,24,3,5,7,4,12,11,c24,68,42,p1
147,7/14/2025 7:53,1,12,3,15,5,6,22,19,9,17,23,18,21,16,20,24,13,14,8,7,2,11,4,10,c24,68,42,p1
148,7/14/2025 7:53,14,4,10,7,6,1,16,22,21,19,17,13,24,23,12,11,18,20,8,3,2,9,15,5,c24,68,42,p1
149,7/14/2025 7:53,1,9,14,5,6,7,15,24,20,8,19,22,23,16,13,21,18,17,4,2,12,3,11,10,c24,68,42,p1
150,7/14/2025 7:53,2,7,13,11,3,6,20,24,12,9,22,21,19,15,18,23,17,16,8,4,10,1,14,5,c24,68,42,p1
151,7/14/2025 7:53,8,6,10,5,2,11,16,22,15,20,23,12,21,17,24,18,9,19,3,13,1,4,7,14,c24,68,42,p1
152,7/14/2025 7:53,7,10,5,2,4,14,19,22,17,20,18,12,16,9,23,24,15,21,8,11,13,1,3,6,c24,68,42,p1
153,7/14/2025 7:53,7,10,5,2,4,14,19,22,17,20,18,12,16,9,23,24,15,21,6,13,11,3,1,8,c24,68,42,p1
154,7/14/2025 7:53,6,8,11,13,1,3,24,23,9,16,21,15,20,17,22,19,12,18,10,5,2,4,14,7,c24,68,42,p1
155,7/14/2025 7:53,8,6,13,11,3,1,24,23,9,16,21,15,20,17,22,19,12,18,10,5,2,4,14,7,c24,68,42,p1
156,7/14/2025 7:53,8,6,13,11,3,1,23,24,10,16,21,14,22,17,20,18,12,19,9,4,2,5,15,7,c24,68,42,p1
157,7/14/2025 7:53,6,8,11,13,1,3,23,24,10,16,21,14,22,17,20,18,12,19,9,4,2,5,15,7,c24,68,42,p1
158,7/14/2025 7:53,11,13,6,8,1,3,23,24,15,21,16,9,22,17,20,18,12,19,14,4,2,5,10,7,c24,68,42,p1
159,7/14/2025 7:53,13,11,8,6,3,1,23,24,15,21,16,9,22,17,20,18,12,19,14,4,2,5,10,7,c24,68,42,p1
160,7/14/2025 7:53,13,11,8,6,3,1,24,23,14,21,16,10,20,17,22,19,12,18,15,5,2,4,9,7,c24,68,42,p1
161,7/14/2025 7:53,11,13,6,8,1,3,24,23,14,21,16,10,20,17,22,19,12,18,15,5,2,4,9,7,c24,68,42,p1
162,7/14/2025 7:53,11,2,7,8,10,4,24,13,14,21,16,20,9,17,23,18,22,19,5,15,3,12,1,6,c24,68,42,p1
163,7/14/2025 7:53,4,10,8,5,9,6,24,14,18,17,12,23,11,15,22,20,21,19,13,2,16,1,7,3,c24,68,42,p1
164,7/14/2025 7:53,1,13,3,14,7,4,24,18,9,19,21,17,22,15,20,23,12,16,11,2,5,10,6,8,c24,68,42,p1
165,7/14/2025 7:53,6,5,4,13,2,12,21,18,11,17,22,19,10,15,24,23,20,16,9,14,8,3,7,1,c24,68,42,p1
166,7/14/2025 7:53,9,4,2,5,15,7,12,18,20,17,22,19,21,16,10,24,23,14,8,6,13,11,3,1,c24,68,42,p1
167,7/14/2025 7:53,4,2,5,10,7,14,19,12,18,20,17,22,9,16,21,15,24,23,3,11,13,6,8,1,c24,68,42,p1
168,7/14/2025 7:53,5,6,7,1,9,14,8,19,22,15,24,20,21,18,17,23,16,13,3,11,10,4,2,12,c24,68,42,p1
169,7/14/2025 7:53,2,10,6,8,1,15,22,16,19,18,13,20,9,14,24,17,21,23,4,12,11,3,5,7,c24,68,42,p1
170,7/14/2025 7:53,2,4,14,7,10,5,20,18,12,19,22,17,24,15,21,16,9,23,3,1,8,6,13,11,c24,68,42,p1
171,7/14/2025 7:53,3,14,7,4,1,13,21,17,24,18,9,19,12,16,22,15,20,23,6,8,11,2,5,10,c24,68,42,p1
172,7/14/2025 7:53,1,14,5,8,4,10,15,19,16,17,23,18,24,20,21,22,9,12,11,3,6,2,7,13,c24,68,42,p1
173,7/14/2025 7:53,5,2,11,8,6,10,20,23,12,16,22,15,18,9,19,21,17,24,4,7,14,3,13,1,c24,68,42,p1
174,7/14/2025 7:53,5,1,13,9,6,8,21,23,11,15,22,16,18,10,19,20,17,24,3,7,12,4,14,2,c24,68,42,p1
175,7/14/2025 7:53,10,4,14,1,6,7,21,22,16,13,17,19,11,12,23,24,20,18,5,15,9,2,3,8,c24,68,42,p1
176,7/14/2025 7:53,2,11,4,10,8,7,21,14,13,24,20,16,22,18,23,17,9,19,5,6,1,12,3,15,c24,68,42,p1
177,7/14/2025 7:53,7,2,6,8,3,16,14,15,23,21,17,18,13,20,19,10,22,24,1,12,9,5,11,4,c24,68,42,p1
178,7/14/2025 7:53,3,8,5,15,9,2,23,12,11,18,20,24,16,22,21,19,17,13,14,1,6,7,10,4,c24,68,42,p1
179,7/14/2025 7:53,4,8,6,12,5,7,23,17,10,22,21,15,19,16,24,18,11,20,13,1,9,2,14,3,c24,68,42,p1
180,7/14/2025 7:53,7,3,13,2,16,1,22,15,11,19,21,20,18,14,24,23,12,17,8,5,9,6,4,10,c24,68,42,p1
181,7/14/2025 7:53,10,1,14,5,8,4,19,16,17,23,18,15,20,21,22,9,12,24,3,6,2,7,13,11,c24,68,42,p1
182,7/14/2025 7:53,6,3,11,13,7,2,21,22,9,12,24,20,19,16,17,23,18,15,10,4,8,5,14,1,c24,68,42,p1
183,7/14/2025 7:53,10,4,11,2,7,8,14,21,16,20,24,13,23,18,22,19,9,17,3,12,1,6,5,15,c24,68,42,p1
184,7/14/2025 7:53,6,8,1,3,11,13,16,9,23,24,15,21,12,19,22,17,20,18,10,7,14,4,2,5,c24,68,42,p1
185,7/14/2025 7:53,2,5,10,7,14,4,22,19,12,18,20,17,23,9,16,21,15,24,1,3,11,13,6,8,c24,68,42,p1
186,7/14/2025 7:53,8,4,10,1,14,5,17,23,18,15,19,16,22,9,12,24,20,21,2,7,13,11,3,6,c24,68,42,p1
187,7/14/2025 7:53,7,3,2,14,4,12,10,19,20,17,24,18,21,23,11,15,22,16,5,8,6,9,13,1,c24,68,42,p1
188,7/14/2025 7:53,6,12,5,7,4,8,21,15,23,17,10,22,11,20,19,16,24,18,14,3,13,1,9,2,c24,68,42,p1
189,7/14/2025 7:53,15,3,12,1,6,5,19,22,18,23,17,9,20,16,21,14,13,24,4,11,2,7,8,10,c24,68,42,p1
190,7/14/2025 7:53,3,11,12,2,4,10,22,23,19,14,13,17,16,9,20,21,18,24,5,6,15,1,7,8,c24,68,42,p1
191,7/14/2025 7:53,8,1,3,11,13,6,21,16,9,23,24,15,18,12,19,22,17,20,5,10,7,14,4,2,c24,68,42,p1
192,7/14/2025 7:53,6,3,1,13,11,8,21,16,9,23,24,15,18,12,19,22,17,20,5,10,7,14,4,2,c24,68,42,p1
193,7/14/2025 7:53,11,3,1,8,6,13,16,21,14,23,24,10,18,12,19,22,17,20,5,15,7,9,4,2,c24,68,42,p1
194,7/14/2025 7:53,13,1,3,6,8,11,16,21,14,23,24,10,18,12,19,22,17,20,5,15,7,9,4,2,c24,68,42,p1
195,7/14/2025 7:53,13,11,3,6,2,7,22,21,20,24,12,9,17,16,19,15,18,23,14,5,8,4,10,1,c24,68,42,p1
196,7/14/2025 7:53,15,8,9,2,7,1,23,18,20,24,11,12,17,19,21,13,16,22,14,3,6,4,10,5,c24,68,42,p1
197,7/14/2025 7:53,11,5,3,9,4,10,20,19,12,21,22,14,13,15,24,23,17,16,7,18,2,8,1,6,c24,68,42,p1
198,7/14/2025 7:53,12,2,8,11,3,6,19,17,15,24,20,13,18,23,22,10,14,21,9,7,1,5,16,4,c24,68,42,p1
199,7/14/2025 7:53,3,1,13,11,8,6,15,21,16,9,23,24,20,18,12,19,22,17,2,5,10,7,14,4,c24,68,42,p1
200,7/14/2025 7:53,13,2,12,6,5,4,17,22,19,21,18,11,23,20,16,10,15,24,3,7,1,9,14,8,c24,68,42,p1
201,7/14/2025 7:53,2,5,10,7,14,4,22,19,12,18,20,17,23,9,16,21,15,24,3,1,13,11,8,6,c24,68,42,p1
202,7/14/2025 7:53,3,2,14,4,12,7,18,10,19,20,17,24,16,21,23,11,15,22,1,5,8,6,9,13,c24,68,42,p1
203,7/14/2025 7:53,4,1,13,3,14,7,18,9,19,21,17,24,15,20,23,12,16,22,2,5,10,6,8,11,c24,68,42,p1
204,7/14/2025 7:53,8,5,6,15,1,7,21,20,9,16,24,18,14,19,23,22,17,13,11,12,2,4,10,3,c24,68,42,p1
205,7/14/2025 7:53,8,6,10,2,15,1,16,22,20,13,18,19,24,14,9,23,21,17,5,3,11,12,4,7,c24,68,42,p1
206,7/14/2025 7:53,11,13,7,2,6,3,24,20,21,22,9,12,18,15,19,16,17,23,14,1,10,4,8,5,c24,68,42,p1
207,7/14/2025 7:53,5,12,6,8,4,7,23,15,21,22,10,17,16,19,20,11,18,24,2,9,1,13,3,14,c24,68,42,p1
208,7/14/2025 7:53,5,6,1,12,3,15,9,17,23,18,22,19,20,24,13,14,21,16,2,11,4,10,8,7,c24,68,42,p1
209,7/14/2025 7:53,8,11,2,5,10,6,23,20,15,22,16,12,19,9,18,24,17,21,13,3,14,7,4,1,c24,68,42,p1
210,7/14/2025 7:53,12,2,4,10,11,3,13,21,18,17,23,16,24,20,8,19,22,15,7,6,5,14,9,1,c24,68,42,p1
211,7/14/2025 7:53,13,1,4,7,14,3,19,9,18,24,17,21,12,23,20,15,22,16,11,8,6,10,5,2,c24,68,42,p1
212,7/14/2025 7:53,11,10,4,2,12,3,13,16,23,17,18,21,20,24,15,22,19,8,14,5,6,7,1,9,c24,68,42,p1
213,7/14/2025 7:53,4,2,5,10,7,14,19,12,18,20,17,22,9,16,21,15,24,23,1,13,11,8,6,3,c24,68,42,p1
214,7/14/2025 7:53,9,5,11,4,1,12,13,24,22,10,19,20,14,18,17,21,23,15,3,16,7,2,6,8,c24,68,42,p1
215,7/14/2025 7:53,14,4,12,7,3,2,17,24,18,10,19,20,15,22,16,21,23,11,9,13,1,5,8,6,c24,68,42,p1
216,7/14/2025 7:53,13,3,14,7,4,1,17,24,18,9,19,21,16,22,15,20,23,12,8,11,2,5,10,6,c24,68,42,p1
217,7/14/2025 7:53,4,2,5,15,7,9,19,12,18,20,17,22,14,21,16,10,24,23,3,6,8,11,13,1,c24,68,42,p1
218,7/14/2025 7:53,3,10,4,2,12,11,13,14,19,23,22,17,24,18,21,20,9,16,6,5,8,7,1,15,c24,68,42,p1
219,7/14/2025 7:53,2,8,11,3,6,12,13,19,17,15,24,20,21,18,23,22,10,14,4,9,7,1,5,16,c24,68,42,p1
220,7/14/2025 7:53,3,13,1,4,7,14,9,18,24,17,21,19,23,20,15,22,16,12,8,6,10,5,2,11,c24,68,42,p1
221,7/14/2025 7:53,14,7,4,1,13,3,19,21,17,24,18,9,23,12,16,22,15,20,10,6,8,11,2,5,c24,68,42,p1
222,7/14/2025 7:53,10,4,5,9,6,8,18,24,13,19,23,11,21,12,16,22,17,20,1,15,2,14,3,7,c24,68,42,p1
223,7/14/2025 7:53,5,2,4,14,7,10,18,12,19,22,17,20,15,21,16,9,23,24,1,8,6,13,11,3,c24,68,42,p1
224,7/14/2025 7:53,4,7,5,3,11,12,9,14,24,17,21,23,20,22,16,19,18,13,10,2,15,1,8,6,c24,68,42,p1
225,7/14/2025 7:53,1,7,8,5,6,15,9,16,24,18,21,20,23,22,17,13,14,19,2,4,10,3,11,12,c24,68,42,p1
226,7/14/2025 7:53,2,18,7,6,1,8,24,23,17,16,13,15,19,12,21,22,14,20,10,4,9,3,5,11,c24,68,42,p1
227,7/14/2025 7:53,1,7,3,8,14,9,16,10,15,24,23,20,22,19,21,18,11,17,4,5,6,12,2,13,c24,68,42,p1
228,7/14/2025 7:53,2,4,10,3,11,12,14,13,17,22,23,19,21,18,24,16,9,20,1,7,8,5,6,15,c24,68,42,p1
229,7/14/2025 7:53,2,9,1,13,3,14,18,11,20,19,16,24,10,22,21,15,23,17,5,12,6,8,4,7,c24,68,42,p1
230,7/14/2025 7:53,14,7,10,5,2,4,22,17,20,18,12,19,9,23,24,15,21,16,11,13,1,3,6,8,c24,68,42,p1
231,7/14/2025 7:53,14,7,10,5,2,4,22,17,20,18,12,19,9,23,24,15,21,16,13,11,3,1,8,6,c24,68,42,p1
232,7/14/2025 7:53,15,7,9,4,2,5,20,17,22,19,12,18,10,24,23,14,21,16,13,11,3,1,8,6,c24,68,42,p1
233,7/14/2025 7:53,15,7,9,4,2,5,20,17,22,19,12,18,10,24,23,14,21,16,11,13,1,3,6,8,c24,68,42,p1
234,7/14/2025 7:53,13,2,4,9,11,3,12,18,20,19,22,17,23,24,10,16,21,14,6,8,1,15,7,5,c24,68,42,p1
235,7/14/2025 7:53,4,2,13,3,11,9,20,18,12,17,22,19,16,10,24,23,14,21,5,7,15,1,8,6,c24,68,42,p1
236,7/14/2025 7:53,3,13,1,9,2,14,18,24,16,19,20,11,22,10,17,23,15,21,8,6,12,5,7,4,c24,68,42,p1
237,7/14/2025 7:53,5,10,4,6,3,14,22,17,19,21,13,16,11,12,23,18,20,24,9,8,15,1,7,2,c24,68,42,p1
238,7/14/2025 7:53,3,1,8,6,13,11,9,16,21,15,24,23,22,19,12,18,20,17,2,4,14,7,10,5,c24,68,42,p1
239,7/14/2025 7:53,1,3,6,8,11,13,9,16,21,15,24,23,22,19,12,18,20,17,2,4,14,7,10,5,c24,68,42,p1
240,7/14/2025 7:53,1,3,11,13,6,8,14,21,16,10,24,23,22,19,12,18,20,17,2,4,9,7,15,5,c24,68,42,p1
241,7/14/2025 7:53,2,7,16,3,8,6,21,23,15,14,18,17,22,10,19,20,13,24,1,4,11,5,9,12,c24,68,42,p1
242,7/14/2025 7:53,7,2,6,3,11,13,9,12,24,20,21,22,17,23,18,15,19,16,8,5,14,1,10,4,c24,68,42,p1
243,7/14/2025 7:53,14,3,13,1,9,2,24,16,19,20,11,18,10,17,23,15,21,22,6,12,5,7,4,8,c24,68,42,p1
244,7/14/2025 7:53,6,5,15,3,12,1,18,23,17,9,19,22,21,14,13,24,20,16,2,7,8,10,4,11,c24,68,42,p1
245,7/14/2025 7:53,11,3,6,2,7,13,9,22,21,20,24,12,23,17,16,19,15,18,1,14,5,8,4,10,c24,68,42,p1
246,7/14/2025 7:53,12,5,7,4,8,6,22,21,15,23,17,10,18,11,20,19,16,24,2,14,3,13,1,9,c24,68,42,p1
247,7/14/2025 7:53,3,8,14,9,1,7,23,20,16,10,15,24,11,17,22,19,21,18,2,13,4,5,6,12,c24,68,42,p1
248,7/14/2025 7:53,1,15,7,5,6,8,23,14,21,16,10,24,12,17,22,19,20,18,11,3,13,2,4,9,c24,68,42,p1
249,7/14/2025 7:53,1,6,5,15,3,12,23,17,9,19,22,18,14,13,24,20,16,21,7,8,10,4,11,2,c24,68,42,p1
250,7/14/2025 7:53,10,4,8,5,14,1,18,23,17,16,19,15,24,12,9,22,21,20,6,3,11,13,7,2,c24,68,42,p1
251,7/14/2025 7:53,6,5,8,7,1,15,9,20,21,18,24,16,22,23,19,14,13,17,3,10,4,2,12,11,c24,68,42,p1
252,7/14/2025 7:53,5,8,4,10,1,14,23,18,15,19,16,17,9,12,24,20,21,22,7,13,11,3,6,2,c24,68,42,p1
253,7/14/2025 7:53,6,4,10,5,14,3,17,22,16,13,21,19,23,12,11,24,20,18,7,1,15,8,9,2,c24,68,42,p1
254,7/14/2025 7:53,11,7,4,3,15,2,19,10,23,24,12,20,16,22,17,14,21,18,9,5,6,13,1,8,c24,68,42,p1
255,7/14/2025 7:53,10,6,8,11,2,5,15,22,16,12,23,20,18,24,17,21,19,9,14,7,4,1,13,3,c24,68,42,p1
256,7/14/2025 7:53,7,3,8,14,9,1,20,16,10,15,24,23,17,22,19,21,18,11,13,4,5,6,12,2,c24,68,42,p1
257,7/14/2025 7:53,15,6,5,8,7,1,20,21,18,24,16,9,23,19,14,13,17,22,10,4,2,12,11,3,c24,68,42,p1
258,7/14/2025 7:53,6,9,5,8,10,4,23,12,17,18,14,24,11,19,21,20,22,15,16,2,13,3,7,1,c24,68,42,p1
259,7/14/2025 7:53,14,3,13,1,4,7,18,24,17,21,19,9,20,15,22,16,12,23,6,10,5,2,11,8,c24,68,42,p1
260,7/14/2025 7:53,9,4,2,5,15,7,12,18,20,17,22,19,21,16,10,24,23,14,6,8,11,13,1,3,c24,68,42,p1
261,7/14/2025 7:53,13,7,2,6,3,11,12,24,20,21,22,9,23,18,15,19,16,17,5,14,1,10,4,8,c24,68,42,p1
262,7/14/2025 7:53,3,14,5,10,4,6,19,21,13,16,22,17,23,18,20,24,11,12,15,1,7,2,9,8,c24,68,42,p1
263,7/14/2025 7:53,7,3,14,2,15,1,20,21,12,16,22,17,23,11,18,24,13,19,5,4,10,8,6,9,c24,68,42,p1
264,7/14/2025 7:53,3,11,13,6,8,1,24,15,21,16,9,23,17,20,18,12,19,22,4,2,5,10,7,14,c24,68,42,p1
265,7/14/2025 7:53,13,3,11,9,4,2,22,19,20,18,12,17,14,21,16,10,24,23,8,6,5,7,15,1,c24,68,42,p1
266,7/14/2025 7:53,12,2,4,10,3,11,13,17,22,23,19,14,18,24,16,9,20,21,7,8,5,6,15,1,c24,68,42,p1
267,7/14/2025 7:53,2,5,10,6,8,11,16,12,23,20,15,22,17,21,19,9,18,24,4,1,13,3,14,7,c24,68,42,p1
268,7/14/2025 7:53,11,8,6,10,5,2,22,15,20,23,12,16,17,24,18,9,19,21,13,1,4,7,14,3,c24,68,42,p1
269,7/14/2025 7:53,8,1,13,6,4,10,12,19,24,14,18,21,17,23,15,11,22,20,3,7,9,2,16,5,c24,68,42,p1
270,7/14/2025 7:53,3,1,8,6,13,11,10,16,21,14,23,24,20,18,12,19,22,17,2,5,15,7,9,4,c24,68,42,p1
271,7/14/2025 7:53,1,3,6,8,11,13,10,16,21,14,23,24,20,18,12,19,22,17,2,5,15,7,9,4,c24,68,42,p1
272,7/14/2025 7:53,1,8,6,5,7,15,10,16,21,14,23,24,18,20,19,22,17,12,3,11,9,4,2,13,c24,68,42,p1
273,7/14/2025 7:53,4,11,2,7,8,10,13,14,21,16,20,24,17,23,18,22,19,9,15,3,12,1,6,5,c24,68,42,p1
274,7/14/2025 7:53,6,4,10,8,5,9,14,18,17,12,23,24,15,22,20,21,19,11,2,16,1,7,3,13,c24,68,42,p1
275,7/14/2025 7:53,5,10,6,8,11,2,22,16,12,23,20,15,24,17,21,19,9,18,7,4,1,13,3,14,c24,68,42,p1
276,7/14/2025 7:53,5,8,6,9,13,1,22,15,11,23,21,16,24,17,20,19,10,18,7,3,2,14,4,12,c24,68,42,p1
277,7/14/2025 7:53,6,8,1,15,7,5,21,16,10,24,23,14,22,19,20,18,12,17,13,2,4,9,11,3,c24,68,42,p1
278,7/14/2025 7:53,2,3,8,5,15,9,12,11,18,20,24,23,22,21,19,17,13,16,1,6,7,10,4,14,c24,68,42,p1
279,7/14/2025 7:53,1,13,11,8,6,3,24,15,21,16,9,23,17,20,18,12,19,22,4,2,5,10,7,14,c24,68,42,p1
280,7/14/2025 7:53,13,4,5,6,12,2,18,21,19,22,17,11,24,15,10,16,20,23,7,3,8,14,9,1,c24,68,42,p1
281,7/14/2025 7:53,7,8,10,4,11,2,16,20,24,13,14,21,22,19,9,17,23,18,1,6,5,15,3,12,c24,68,42,p1
282,7/14/2025 7:53,1,4,7,14,3,13,21,19,9,18,24,17,16,12,23,20,15,22,2,11,8,6,10,5,c24,68,42,p1
283,7/14/2025 7:53,2,3,7,12,4,14,20,19,10,18,24,17,15,11,23,21,16,22,1,13,9,6,8,5,c24,68,42,p1
284,7/14/2025 7:53,11,10,4,9,3,5,22,21,12,19,20,14,16,17,23,24,15,13,18,7,6,1,8,2,c24,68,42,p1
285,7/14/2025 7:53,14,4,2,5,10,7,12,18,20,17,22,19,16,21,15,24,23,9,13,11,8,6,3,1,c24,68,42,p1
286,7/14/2025 7:53,14,4,2,5,10,7,12,18,20,17,22,19,16,21,15,24,23,9,11,13,6,8,1,3,c24,68,42,p1
287,7/14/2025 7:53,14,2,9,1,13,3,11,20,19,16,24,18,22,21,15,23,17,10,12,6,8,4,7,5,c24,68,42,p1
288,7/14/2025 7:53,7,6,1,8,2,18,13,15,24,23,17,16,14,20,19,12,21,22,5,11,10,4,9,3,c24,68,42,p1
289,7/14/2025 7:53,2,9,8,15,1,7,18,23,12,11,24,20,21,19,17,22,16,13,10,4,6,3,14,5,c24,68,42,p1
290,7/14/2025 7:53,3,12,1,6,5,15,9,19,22,18,23,17,24,20,16,21,14,13,10,4,11,2,7,8,c24,68,42,p1
291,7/14/2025 7:53,2,6,3,11,13,7,22,9,12,24,20,21,16,17,23,18,15,19,4,8,5,14,1,10,c24,68,42,p1
292,7/14/2025 7:53,4,7,14,3,13,1,17,21,19,9,18,24,22,16,12,23,20,15,5,2,11,8,6,10,c24,68,42,p1
293,7/14/2025 7:53,15,1,7,8,5,6,16,24,18,21,20,9,22,17,13,14,19,23,4,10,3,11,12,2,c24,68,42,p1
294,7/14/2025 7:53,6,13,1,8,9,5,16,18,21,14,17,22,19,20,12,24,23,10,15,2,11,7,4,3,c24,68,42,p1
295,7/14/2025 7:53,1,7,3,13,2,16,15,11,19,21,20,22,14,24,23,12,17,18,5,9,6,4,10,8,c24,68,42,p1
296,7/14/2025 7:53,7,4,1,13,3,14,9,19,21,17,24,18,20,23,12,16,22,15,5,10,6,8,11,2,c24,68,42,p1
297,7/14/2025 7:53,3,4,7,11,2,15,10,19,20,12,24,23,17,22,16,18,21,14,1,13,6,5,9,8,c24,68,42,p1
298,7/14/2025 7:53,6,3,1,13,11,8,21,16,10,24,23,14,19,12,18,20,17,22,4,9,7,15,5,2,c24,68,42,p1
299,7/14/2025 7:53,8,1,3,11,13,6,21,16,10,24,23,14,19,12,18,20,17,22,4,9,7,15,5,2,c24,68,42,p1
300,7/14/2025 7:53,11,2,5,10,6,8,12,23,20,15,22,16,21,19,9,18,24,17,1,13,3,14,7,4,c24,68,42,p1
301,7/14/2025 7:53,13,1,5,8,6,9,11,23,21,16,22,15,20,19,10,18,24,17,2,14,4,12,7,3,c24,68,42,p1
302,7/14/2025 7:53,4,7,5,12,6,8,21,22,10,17,23,15,20,11,18,24,16,19,1,13,3,14,2,9,c24,68,42,p1
303,7/14/2025 7:53,10,7,14,4,2,5,20,17,22,19,12,18,15,24,23,9,16,21,6,8,1,3,11,13,c24,68,42,p1
304,7/14/2025 7:53,10,7,14,4,2,5,20,17,22,19,12,18,15,24,23,9,16,21,8,6,3,1,13,11,c24,68,42,p1
305,7/14/2025 7:53,12,4,7,5,3,11,14,24,17,21,23,9,22,16,19,18,13,20,2,15,1,8,6,10,c24,68,42,p1
306,7/14/2025 7:53,2,13,3,11,9,4,19,20,18,12,17,22,21,16,10,24,23,14,6,5,7,15,1,8,c24,68,42,p1
307,7/14/2025 7:53,13,1,8,9,5,6,22,16,18,21,14,17,10,19,20,12,24,23,3,15,2,11,7,4,c24,68,42,p1
308,7/14/2025 7:53,8,2,12,6,3,11,15,17,19,13,20,24,10,22,23,18,21,14,4,16,5,1,7,9,c24,68,42,p1
309,7/14/2025 7:53,5,2,4,14,7,10,18,12,19,22,17,20,15,21,16,9,23,24,3,6,8,11,13,1,c24,68,42,p1
310,7/14/2025 7:53,10,4,2,12,11,3,17,13,14,19,23,22,16,24,18,21,20,9,15,6,5,8,7,1,c24,68,42,p1
311,7/14/2025 7:53,12,1,4,11,5,9,20,19,10,22,24,13,14,15,23,21,17,18,7,16,3,8,6,2,c24,68,42,p1
312,7/14/2025 7:53,7,9,4,16,5,1,23,22,10,14,21,18,19,17,15,24,20,13,12,6,3,11,8,2,c24,68,42,p1
313,7/14/2025 7:53,3,6,12,2,8,11,15,24,20,13,19,17,22,10,14,21,18,23,1,5,16,4,9,7,c24,68,42,p1
314,7/14/2025 7:53,6,4,10,8,1,13,14,18,21,12,19,24,11,22,20,17,23,15,2,16,5,3,7,9,c24,68,42,p1
315,7/14/2025 7:53,8,6,3,1,13,11,16,9,23,24,15,21,12,19,22,17,20,18,10,7,14,4,2,5,c24,68,42,p1
316,7/14/2025 7:53,11,12,2,4,10,3,17,22,23,19,14,13,24,16,9,20,21,18,8,5,6,15,1,7,c24,68,42,p1
317,7/14/2025 7:53,8,6,12,5,7,4,15,23,17,10,22,21,20,19,16,24,18,11,3,13,1,9,2,14,c24,68,42,p1
318,7/14/2025 7:53,1,8,6,13,11,3,23,9,16,21,15,24,17,22,19,12,18,20,5,2,4,14,7,10,c24,68,42,p1
319,7/14/2025 7:53,16,5,1,7,9,4,14,21,18,23,22,10,24,20,13,19,17,15,11,8,2,12,6,3,c24,68,42,p1
320,7/14/2025 7:53,7,15,1,8,6,5,21,14,23,24,10,16,19,22,17,12,18,20,9,4,2,13,3,11,c24,68,42,p1
321,7/14/2025 7:53,12,3,15,5,6,1,18,22,19,9,17,23,14,21,16,20,24,13,10,8,7,2,11,4,c24,68,42,p1
322,7/14/2025 7:53,8,5,14,1,10,4,19,15,18,23,17,16,21,20,24,12,9,22,7,2,6,3,11,13,c24,68,42,p1
323,7/14/2025 7:53,5,10,7,14,4,2,17,22,19,12,18,20,24,23,9,16,21,15,8,1,3,11,13,6,c24,68,42,p1
324,7/14/2025 7:53,12,2,13,4,5,6,19,22,17,11,18,21,10,16,20,23,24,15,8,14,9,1,7,3,c24,68,42,p1
325,7/14/2025 7:53,6,5,9,8,1,13,17,14,21,18,16,22,10,23,24,12,20,19,2,15,3,4,7,11,c24,68,42,p1
326,7/14/2025 7:53,11,8,6,3,1,13,9,23,24,15,21,16,19,22,17,20,18,12,7,14,4,2,5,10,c24,68,42,p1
327,7/14/2025 7:53,9,13,1,5,8,6,23,21,16,22,15,11,19,10,18,24,17,20,14,4,12,7,3,2,c24,68,42,p1
328,7/14/2025 7:53,6,8,4,7,5,12,10,17,23,15,21,22,18,24,16,19,20,11,3,14,2,9,1,13,c24,68,42,p1
329,7/14/2025 7:53,2,15,1,8,6,10,13,18,19,16,22,20,23,21,17,24,14,9,12,4,7,5,3,11,c24,68,42,p1
330,7/14/2025 7:53,13,6,8,1,3,11,9,23,24,15,21,16,19,22,17,20,18,12,7,14,4,2,5,10,c24,68,42,p1
331,7/14/2025 7:53,15,3,4,7,11,2,19,20,12,24,23,10,22,16,18,21,14,17,13,6,5,9,8,1,c24,68,42,p1
332,7/14/2025 7:53,8,3,16,7,2,6,21,17,18,14,15,23,10,22,24,13,20,19,5,11,4,1,12,9,c24,68,42,p1
333,7/14/2025 7:53,8,2,18,7,6,1,23,17,16,13,15,24,12,21,22,14,20,19,4,9,3,5,11,10,c24,68,42,p1
334,7/14/2025 7:53,3,6,8,11,13,1,23,9,16,21,15,24,17,22,19,12,18,20,5,2,4,14,7,10,c24,68,42,p1
335,7/14/2025 7:53,1,3,11,13,6,8,15,21,16,9,23,24,20,18,12,19,22,17,2,5,10,7,14,4,c24,68,42,p1
336,7/14/2025 7:53,8,11,13,1,3,6,15,24,23,9,16,21,18,20,17,22,19,12,7,10,5,2,4,14,c24,68,42,p1
337,7/14/2025 7:53,3,11,12,4,7,5,17,21,23,9,14,24,19,18,13,20,22,16,1,8,6,10,2,15,c24,68,42,p1
338,7/14/2025 7:53,7,8,5,6,15,1,20,9,16,24,18,21,19,23,22,17,13,14,12,2,4,10,3,11,c24,68,42,p1
339,7/14/2025 7:53,5,9,8,1,13,6,22,17,14,21,18,16,19,10,23,24,12,20,11,2,15,3,4,7,c24,68,42,p1
340,7/14/2025 7:53,2,9,15,5,8,3,24,20,18,11,12,23,16,13,17,19,21,22,6,1,14,4,10,7,c24,68,42,p1
341,7/14/2025 7:53,15,7,5,6,8,1,24,23,14,21,16,10,18,12,17,22,19,20,9,11,3,13,2,4,c24,68,42,p1
342,7/14/2025 7:53,5,8,7,1,15,6,16,9,20,21,18,24,17,22,23,19,14,13,11,3,10,4,2,12,c24,68,42,p1
343,7/14/2025 7:53,5,10,7,14,4,2,17,22,19,12,18,20,24,23,9,16,21,15,6,3,1,13,11,8,c24,68,42,p1
344,7/14/2025 7:54,12,4,14,2,3,7,18,24,17,20,19,10,21,16,22,15,11,23,6,8,5,1,13,9,c24,68,42,p1
345,7/14/2025 7:54,3,5,7,4,12,11,14,9,23,21,17,24,16,22,20,13,18,19,8,1,15,2,10,6,c24,68,42,p1
346,7/14/2025 7:54,12,11,3,10,4,2,19,23,22,17,13,14,21,20,9,16,24,18,8,7,1,15,6,5,c24,68,42,p1
347,7/14/2025 7:54,1,15,2,10,6,8,19,18,13,20,22,16,24,17,21,23,9,14,11,3,5,7,4,12,c24,68,42,p1
348,7/14/2025 7:54,3,7,9,2,16,5,22,11,15,23,17,20,18,14,24,19,12,21,8,1,13,6,4,10,c24,68,42,p1
349,7/14/2025 7:54,14,2,3,7,12,4,19,10,18,24,17,20,11,23,21,16,22,15,13,9,6,8,5,1,c24,68,42,p1
350,7/14/2025 7:54,11,3,13,2,4,9,20,19,22,17,12,18,10,16,21,14,23,24,1,15,7,5,6,8,c24,68,42,p1
351,7/14/2025 7:54,14,5,8,4,10,1,18,15,19,16,17,23,12,24,20,21,22,9,13,11,3,6,2,7,c24,68,42,p1
352,7/14/2025 7:54,4,10,1,14,5,8,16,17,23,18,15,19,21,22,9,12,24,20,6,2,7,13,11,3,c24,68,42,p1
353,7/14/2025 7:54,4,10,3,11,12,2,19,14,13,17,22,23,20,21,18,24,16,9,15,1,7,8,5,6,c24,68,42,p1
354,7/14/2025 7:54,6,13,11,3,1,8,15,24,23,9,16,21,18,20,17,22,19,12,7,10,5,2,4,14,c24,68,42,p1
355,7/14/2025 7:54,6,2,7,16,3,8,23,15,14,18,17,21,10,19,20,13,24,22,4,11,5,9,12,1,c24,68,42,p1
356,7/14/2025 7:54,3,11,13,7,2,6,20,21,22,9,12,24,15,19,16,17,23,18,1,10,4,8,5,14,c24,68,42,p1
357,7/14/2025 7:54,1,13,6,5,9,8,21,18,16,22,17,14,24,12,20,19,10,23,3,4,7,11,2,15,c24,68,42,p1
358,7/14/2025 7:54,6,8,1,15,2,10,13,20,22,16,19,18,21,23,9,14,24,17,5,7,4,12,11,3,c24,68,42,p1
359,7/14/2025 7:54,15,1,7,3,14,2,12,16,22,17,20,21,18,24,13,19,23,11,10,8,6,9,5,4,c24,68,42,p1
360,7/14/2025 7:54,5,16,4,9,7,1,23,18,21,14,10,22,17,19,13,20,24,15,11,3,6,12,2,8,c24,68,42,p1
361,7/14/2025 7:54,5,16,2,9,7,3,20,17,23,15,11,22,18,21,12,19,24,14,13,1,8,10,4,6,c24,68,42,p1
362,7/14/2025 7:54,15,2,11,7,4,3,23,24,12,20,19,10,17,14,21,18,16,22,6,13,1,8,9,5,c24,68,42,p1
363,7/14/2025 7:54,11,8,6,3,1,13,10,24,23,14,21,16,18,20,17,22,19,12,7,15,5,2,4,9,c24,68,42,p1
364,7/14/2025 7:54,13,6,8,1,3,11,10,24,23,14,21,16,18,20,17,22,19,12,7,15,5,2,4,9,c24,68,42,p1
365,7/14/2025 7:54,9,7,15,5,2,4,22,17,20,18,12,19,14,23,24,10,16,21,6,8,1,3,11,13,c24,68,42,p1
366,7/14/2025 7:54,7,5,3,11,12,4,23,9,14,24,17,21,13,20,22,16,19,18,6,10,2,15,1,8,c24,68,42,p1
367,7/14/2025 7:54,1,4,11,5,9,12,13,20,19,10,22,24,18,14,15,23,21,17,2,7,16,3,8,6,c24,68,42,p1
368,7/14/2025 7:54,14,8,3,7,1,9,16,20,23,24,15,10,19,22,17,11,18,21,12,6,5,4,13,2,c24,68,42,p1
369,7/14/2025 7:54,6,10,2,15,1,8,19,16,22,20,13,18,17,24,14,9,23,21,7,5,3,11,12,4,c24,68,42,p1
370,7/14/2025 7:54,7,4,12,11,3,5,17,24,14,9,23,21,18,19,16,22,20,13,10,6,8,1,15,2,c24,68,42,p1
371,7/14/2025 7:54,4,14,7,10,5,2,17,20,18,12,19,22,23,24,15,21,16,9,13,1,3,6,8,11,c24,68,42,p1
372,7/14/2025 7:54,15,1,8,6,5,7,16,21,14,23,24,10,20,19,22,17,12,18,11,9,4,2,13,3,c24,68,42,p1
373,7/14/2025 7:54,7,14,4,2,5,10,18,20,17,22,19,12,21,15,24,23,9,16,13,6,8,1,3,11,c24,68,42,p1
374,7/14/2025 7:54,1,7,9,4,16,5,22,10,14,21,18,23,17,15,24,20,13,19,6,3,11,8,2,12,c24,68,42,p1
375,7/14/2025 7:54,3,11,13,6,8,1,23,14,21,16,10,24,17,22,19,12,18,20,5,2,4,9,7,15,c24,68,42,p1
376,7/14/2025 7:54,1,13,11,8,6,3,23,14,21,16,10,24,17,22,19,12,18,20,5,2,4,9,7,15,c24,68,42,p1
377,7/14/2025 7:54,2,6,8,3,16,7,18,14,15,23,21,17,24,13,20,19,10,22,4,1,12,9,5,11,c24,68,42,p1
378,7/14/2025 7:54,7,11,2,15,3,4,24,23,10,19,20,12,21,14,17,22,16,18,9,8,1,13,6,5,c24,68,42,p1
379,7/14/2025 7:54,1,12,9,5,11,4,22,10,19,20,13,24,17,21,23,15,14,18,7,2,6,8,3,16,c24,68,42,p1
380,7/14/2025 7:54,7,14,4,2,5,10,18,20,17,22,19,12,21,15,24,23,9,16,11,8,6,3,1,13,c24,68,42,p1
381,7/14/2025 7:54,16,2,9,7,3,5,22,20,17,23,15,11,14,18,21,12,19,24,6,13,1,8,10,4,c24,68,42,p1
382,7/14/2025 7:54,16,2,13,3,7,1,22,20,21,19,11,15,14,18,17,12,23,24,6,9,5,8,10,4,c24,68,42,p1
383,7/14/2025 7:54,4,7,11,2,15,3,23,10,19,20,12,24,14,17,22,16,18,21,8,1,13,6,5,9,c24,68,42,p1
384,7/14/2025 7:54,8,1,15,7,5,6,14,21,16,10,24,23,17,22,19,20,18,12,3,13,2,4,9,11,c24,68,42,p1
385,7/14/2025 7:54,3,7,12,4,14,2,17,20,19,10,18,24,22,15,11,23,21,16,5,1,13,9,6,8,c24,68,42,p1
386,7/14/2025 7:54,9,11,3,13,2,4,19,22,17,12,18,20,16,21,14,23,24,10,15,7,5,6,8,1,c24,68,42,p1
387,7/14/2025 7:54,9,8,1,13,6,5,16,22,17,14,21,18,20,19,10,23,24,12,7,11,2,15,3,4,c24,68,42,p1
388,7/14/2025 7:54,2,15,1,7,3,14,16,22,17,20,21,12,24,13,19,23,11,18,8,6,9,5,4,10,c24,68,42,p1
389,7/14/2025 7:54,10,4,6,3,14,5,16,22,17,19,21,13,24,11,12,23,18,20,2,9,8,15,1,7,c24,68,42,p1
390,7/14/2025 7:54,5,15,7,9,4,2,17,22,19,12,18,20,24,23,14,21,16,10,11,3,1,8,6,13,c24,68,42,p1
391,7/14/2025 7:54,5,15,7,9,4,2,17,22,19,12,18,20,24,23,14,21,16,10,13,1,3,6,8,11,c24,68,42,p1
392,7/14/2025 7:54,7,16,3,8,6,2,17,21,23,15,14,18,24,22,10,19,20,13,12,1,4,11,5,9,c24,68,42,p1
393,7/14/2025 7:54,1,13,9,6,8,5,16,21,23,11,15,22,24,18,10,19,20,17,2,3,7,12,4,14,c24,68,42,p1
394,7/14/2025 7:54,14,3,7,1,15,2,12,21,20,17,22,16,24,18,11,23,19,13,9,6,8,10,4,5,c24,68,42,p1
395,7/14/2025 7:54,5,14,3,6,4,10,13,21,19,17,22,16,24,20,18,23,12,11,8,9,2,7,1,15,c24,68,42,p1
396,7/14/2025 7:54,5,6,13,1,8,9,18,21,14,17,22,16,20,12,24,23,10,19,2,11,7,4,3,15,c24,68,42,p1
397,7/14/2025 7:54,7,10,4,14,1,6,22,16,13,17,19,21,12,23,24,20,18,11,15,9,2,3,8,5,c24,68,42,p1
398,7/14/2025 7:54,8,14,9,1,7,3,24,23,20,16,10,15,18,11,17,22,19,21,12,2,13,4,5,6,c24,68,42,p1
399,7/14/2025 7:54,2,14,3,13,1,9,16,19,20,11,18,24,17,23,15,21,22,10,12,5,7,4,8,6,c24,68,42,p1
400,7/14/2025 7:54,9,2,3,8,5,15,11,18,20,24,23,12,21,19,17,13,16,22,6,7,10,4,14,1,c24,68,42,p1
401,7/14/2025 7:54,3,11,8,2,12,6,19,13,20,24,15,17,23,18,21,14,10,22,5,1,7,9,4,16,c24,68,42,p1
402,7/14/2025 7:54,4,14,7,10,5,2,17,20,18,12,19,22,23,24,15,21,16,9,11,3,1,8,6,13,c24,68,42,p1
403,7/14/2025 7:54,5,8,3,2,9,15,11,12,23,24,20,18,19,21,22,16,13,17,4,10,7,6,1,14,c24,68,42,p1
404,7/14/2025 7:54,7,1,15,6,5,8,18,24,16,9,20,21,14,13,17,22,23,19,2,12,11,3,10,4,c24,68,42,p1
405,7/14/2025 7:54,5,2,4,9,7,15,18,12,19,22,17,20,10,16,21,14,23,24,3,11,13,6,8,1,c24,68,42,p1
406,7/14/2025 7:54,11,3,6,12,2,8,24,20,13,19,17,15,10,14,21,18,23,22,5,16,4,9,7,1,c24,68,42,p1
407,7/14/2025 7:54,12,6,8,4,7,5,17,23,15,21,22,10,24,16,19,20,11,18,14,2,9,1,13,3,c24,68,42,p1
408,7/14/2025 7:54,7,4,8,6,12,5,17,10,22,21,15,23,16,24,18,11,20,19,1,9,2,14,3,13,c24,68,42,p1
409,7/14/2025 7:54,15,2,10,6,8,1,16,19,18,13,20,22,14,24,17,21,23,9,12,11,3,5,7,4,c24,68,42,p1
410,7/14/2025 7:54,3,15,2,11,7,4,24,12,20,19,10,23,14,21,18,16,22,17,13,1,8,9,5,6,c24,68,42,p1
411,7/14/2025 7:54,1,16,2,13,3,7,20,21,19,11,15,22,18,17,12,23,24,14,9,5,8,10,4,6,c24,68,42,p1
412,7/14/2025 7:54,9,5,6,13,1,8,21,14,17,22,16,18,12,24,23,10,19,20,11,7,4,3,15,2,c24,68,42,p1
413,7/14/2025 7:54,1,8,9,5,6,13,17,22,16,18,21,14,23,10,19,20,12,24,4,3,15,2,11,7,c24,68,42,p1
414,7/14/2025 7:54,7,12,4,14,2,3,24,17,20,19,10,18,16,22,15,11,23,21,8,5,1,13,9,6,c24,68,42,p1
415,7/14/2025 7:54,8,6,5,7,15,1,24,10,16,21,14,23,12,18,20,19,22,17,13,3,11,9,4,2,c24,68,42,p1
416,7/14/2025 7:54,9,7,1,5,16,4,14,10,22,23,18,21,20,24,15,17,19,13,12,2,8,11,3,6,c24,68,42,p1
417,7/14/2025 7:54,8,1,13,6,5,9,18,16,22,17,14,21,12,20,19,10,23,24,4,7,11,2,15,3,c24,68,42,p1
418,7/14/2025 7:54,9,14,8,3,7,1,20,23,24,15,10,16,22,17,11,18,21,19,6,5,4,13,2,12,c24,68,42,p1
419,7/14/2025 7:54,1,13,3,14,2,9,16,24,18,11,20,19,23,17,10,22,21,15,4,7,5,12,6,8,c24,68,42,p1
420,7/14/2025 7:54,13,9,6,8,5,1,22,16,21,23,11,15,17,24,18,10,19,20,14,2,3,7,12,4,c24,68,42,p1
421,7/14/2025 7:54,9,5,4,10,8,6,24,18,11,23,19,13,16,12,21,20,17,22,3,14,2,15,1,7,c24,68,42,p1
422,7/14/2025 7:54,4,10,8,1,13,6,24,14,18,21,12,19,15,11,22,20,17,23,9,2,16,5,3,7,c24,68,42,p1
423,7/14/2025 7:54,8,3,7,1,9,14,10,16,20,23,24,15,21,19,22,17,11,18,2,12,6,5,4,13,c24,68,42,p1
424,7/14/2025 7:54,9,12,1,4,11,5,19,10,22,24,13,20,15,23,21,17,18,14,16,3,8,6,2,7,c24,68,42,p1
425,7/14/2025 7:54,1,13,6,4,10,8,21,12,19,24,14,18,20,17,23,15,11,22,5,3,7,9,2,16,c24,68,42,p1
426,7/14/2025 7:54,8,9,5,6,13,1,14,17,22,16,18,21,24,23,10,19,20,12,7,4,3,15,2,11,c24,68,42,p1
427,7/14/2025 7:54,3,16,7,2,6,8,23,21,17,18,14,15,19,10,22,24,13,20,9,5,11,4,1,12,c24,68,42,p1
428,7/14/2025 7:54,5,1,7,9,4,16,10,14,21,18,23,22,15,24,20,13,19,17,3,11,8,2,12,6,c24,68,42,p1
429,7/14/2025 7:54,5,4,13,2,12,6,19,21,18,11,17,22,16,10,15,24,23,20,1,9,14,8,3,7,c24,68,42,p1
430,7/14/2025 7:54,3,13,2,4,9,11,18,20,19,22,17,12,24,10,16,21,14,23,8,1,15,7,5,6,c24,68,42,p1
431,7/14/2025 7:54,6,7,10,4,14,1,16,13,17,19,21,22,23,24,20,18,11,12,9,2,3,8,5,15,c24,68,42,p1
432,7/14/2025 7:54,8,9,2,7,1,15,12,23,18,20,24,11,22,17,19,21,13,16,5,14,3,6,4,10,c24,68,42,p1
433,7/14/2025 7:54,8,6,3,1,13,11,16,10,24,23,14,21,12,18,20,17,22,19,9,7,15,5,2,4,c24,68,42,p1
434,7/14/2025 7:54,2,14,3,7,1,15,21,20,17,22,16,12,18,11,23,19,13,24,6,8,10,4,5,9,c24,68,42,p1
435,7/14/2025 7:54,2,14,4,12,7,3,24,18,10,19,20,17,22,16,21,23,11,15,13,1,5,8,6,9,c24,68,42,p1
436,7/14/2025 7:54,6,3,11,8,2,12,13,20,24,15,17,19,18,21,14,10,22,23,1,7,9,4,16,5,c24,68,42,p1
437,7/14/2025 7:54,2,4,9,7,15,5,20,18,12,19,22,17,24,10,16,21,14,23,1,3,11,13,6,8,c24,68,42,p1
438,7/14/2025 7:54,3,6,8,11,13,1,24,10,16,21,14,23,17,20,18,12,19,22,4,2,5,15,7,9,c24,68,42,p1
439,7/14/2025 7:54,1,8,6,13,11,3,24,10,16,21,14,23,17,20,18,12,19,22,4,2,5,15,7,9,c24,68,42,p1
440,7/14/2025 7:54,1,14,4,10,7,6,22,21,19,17,13,16,23,12,11,18,20,24,3,2,9,15,5,8,c24,68,42,p1
441,7/14/2025 7:54,6,8,1,3,11,13,16,10,24,23,14,21,12,18,20,17,22,19,9,7,15,5,2,4,c24,68,42,p1
442,7/14/2025 7:54,12,9,5,11,4,1,24,22,10,19,20,13,18,17,21,23,15,14,16,7,2,6,8,3,c24,68,42,p1
443,7/14/2025 7:54,8,4,7,5,12,6,22,10,17,23,15,21,11,18,24,16,19,20,13,3,14,2,9,1,c24,68,42,p1
444,7/14/2025 7:54,10,7,6,1,14,4,17,13,16,22,21,19,18,20,24,23,12,11,15,5,8,3,2,9,c24,68,42,p1
445,7/14/2025 7:54,4,13,2,12,6,5,22,19,21,18,11,17,20,16,10,15,24,23,7,1,9,14,8,3,c24,68,42,p1
446,7/14/2025 7:54,5,11,4,1,12,9,20,13,24,22,10,19,15,14,18,17,21,23,8,3,16,7,2,6,c24,68,42,p1
447,7/14/2025 7:54,5,7,15,1,8,6,14,23,24,10,16,21,22,17,12,18,20,19,4,2,13,3,11,9,c24,68,42,p1
448,7/14/2025 7:54,8,5,9,6,4,10,12,23,24,14,18,17,21,19,11,15,22,20,7,3,13,2,16,1,c24,68,42,p1
449,7/14/2025 7:54,5,8,10,4,6,9,14,24,23,12,17,18,22,15,11,19,21,20,7,1,16,2,13,3,c24,68,42,p1
450,7/14/2025 7:54,5,15,9,2,3,8,20,24,23,12,11,18,17,13,16,22,21,19,10,4,14,1,6,7,c24,68,42,p1
451,7/14/2025 7:54,7,3,5,16,2,9,23,15,11,22,20,17,12,19,24,14,18,21,8,10,4,6,13,1,c24,68,42,p1
452,7/14/2025 7:54,6,12,2,13,4,5,22,17,11,18,21,19,16,20,23,24,15,10,14,9,1,7,3,8,c24,68,42,p1
453,7/14/2025 7:54,13,1,8,10,4,6,24,19,12,21,18,14,11,15,23,17,20,22,5,16,2,9,7,3,c24,68,42,p1
454,7/14/2025 7:54,4,3,15,2,11,7,12,20,19,10,23,24,21,18,16,22,17,14,1,8,9,5,6,13,c24,68,42,p1
455,7/14/2025 7:54,4,12,7,3,2,14,20,17,24,18,10,19,11,15,22,16,21,23,6,9,13,1,5,8,c24,68,42,p1
456,7/14/2025 7:54,5,14,1,10,4,8,16,19,15,18,23,17,22,21,20,24,12,9,13,7,2,6,3,11,c24,68,42,p1
457,7/14/2025 7:54,4,10,7,6,1,14,13,16,22,21,19,17,20,24,23,12,11,18,5,8,3,2,9,15,c24,68,42,p1
458,7/14/2025 7:54,8,6,9,5,4,10,11,23,19,13,24,18,21,20,17,22,16,12,2,15,1,7,3,14,c24,68,42,p1
459,7/14/2025 7:54,11,8,2,12,6,3,17,19,13,20,24,15,22,23,18,21,14,10,16,5,1,7,9,4,c24,68,42,p1
460,7/14/2025 7:54,2,15,3,4,7,11,20,12,24,23,10,19,16,18,21,14,17,22,6,5,9,8,1,13,c24,68,42,p1
461,7/14/2025 7:54,6,10,5,2,11,8,12,16,22,15,20,23,19,21,17,24,18,9,14,3,13,1,4,7,c24,68,42,p1
462,7/14/2025 7:54,5,9,6,8,10,4,23,11,18,24,13,19,17,20,21,12,16,22,3,7,1,15,2,14,c24,68,42,p1
463,7/14/2025 7:54,3,14,2,9,1,13,20,19,16,24,18,11,21,15,23,17,10,22,6,8,4,7,5,12,c24,68,42,p1
464,7/14/2025 7:54,5,7,4,8,6,12,10,22,21,15,23,17,24,18,11,20,19,16,9,2,14,3,13,1,c24,68,42,p1
465,7/14/2025 7:54,4,9,7,1,5,16,10,22,23,18,21,14,24,15,17,19,13,20,2,8,11,3,6,12,c24,68,42,p1
466,7/14/2025 7:54,4,5,9,6,8,10,11,18,24,13,19,23,20,21,12,16,22,17,7,1,15,2,14,3,c24,68,42,p1
467,7/14/2025 7:54,3,7,1,16,2,13,19,11,15,22,20,21,12,23,24,14,18,17,8,10,4,6,9,5,c24,68,42,p1
468,7/14/2025 7:54,15,2,14,3,7,1,20,17,22,16,12,21,11,23,19,13,24,18,8,10,4,5,9,6,c24,68,42,p1
469,7/14/2025 7:54,3,2,9,15,5,8,20,18,11,12,23,24,13,17,19,21,22,16,1,14,4,10,7,6,c24,68,42,p1
470,7/14/2025 7:54,2,8,1,6,7,18,13,16,17,23,24,15,20,14,22,21,12,19,4,10,11,5,3,9,c24,68,42,p1
471,7/14/2025 7:54,8,11,3,6,12,2,20,13,19,17,15,24,14,21,18,23,22,10,16,4,9,7,1,5,c24,68,42,p1
472,7/14/2025 7:54,4,11,5,9,12,1,24,13,20,19,10,22,17,18,14,15,23,21,6,2,7,16,3,8,c24,68,42,p1
473,7/14/2025 7:54,9,4,10,11,5,3,21,22,14,20,19,12,23,17,16,13,15,24,8,1,6,7,18,2,c24,68,42,p1
474,7/14/2025 7:54,6,13,11,3,1,8,14,23,24,10,16,21,19,22,17,20,18,12,7,9,4,2,5,15,c24,68,42,p1
475,7/14/2025 7:54,2,4,9,11,3,13,17,12,18,20,19,22,14,23,24,10,16,21,5,6,8,1,15,7,c24,68,42,p1
476,7/14/2025 7:54,2,4,9,7,15,5,20,18,12,19,22,17,24,10,16,21,14,23,3,1,13,11,8,6,c24,68,42,p1
477,7/14/2025 7:54,16,1,7,3,13,2,11,19,21,20,22,15,24,23,12,17,18,14,9,6,4,10,8,5,c24,68,42,p1
478,7/14/2025 7:54,6,9,5,4,10,8,18,11,23,19,13,24,12,21,20,17,22,16,14,2,15,1,7,3,c24,68,42,p1
479,7/14/2025 7:54,9,6,8,5,1,13,15,22,16,21,23,11,20,17,24,18,10,19,4,14,2,3,7,12,c24,68,42,p1
480,7/14/2025 7:54,2,9,7,3,5,16,11,22,20,17,23,15,24,14,18,21,12,19,4,6,13,1,8,10,c24,68,42,p1
481,7/14/2025 7:54,14,3,6,4,10,5,16,13,21,19,17,22,11,24,20,18,23,12,15,8,9,2,7,1,c24,68,42,p1
482,7/14/2025 7:54,5,9,6,4,10,8,17,12,23,24,14,18,20,21,19,11,15,22,1,7,3,13,2,16,c24,68,42,p1
483,7/14/2025 7:54,11,2,15,3,4,7,12,24,23,10,19,20,18,21,14,17,22,16,5,9,8,1,13,6,c24,68,42,p1
484,7/14/2025 7:54,7,2,9,8,15,1,23,12,11,24,20,18,19,17,22,16,13,21,4,6,3,14,5,10,c24,68,42,p1
485,7/14/2025 7:54,4,6,3,14,5,10,13,16,22,17,19,21,20,24,11,12,23,18,7,2,9,8,15,1,c24,68,42,p1
486,7/14/2025 7:54,9,7,15,5,2,4,22,17,20,18,12,19,14,23,24,10,16,21,8,6,3,1,13,11,c24,68,42,p1
487,7/14/2025 7:54,8,6,9,13,1,5,16,22,15,11,23,21,18,24,17,20,19,10,12,7,3,2,14,4,c24,68,42,p1
488,7/14/2025 7:54,6,1,14,4,10,7,21,19,17,13,16,22,12,11,18,20,24,23,2,9,15,5,8,3,c24,68,42,p1
489,7/14/2025 7:54,1,7,3,14,2,15,21,12,16,22,17,20,11,18,24,13,19,23,4,10,8,6,9,5,c24,68,42,p1
490,7/14/2025 7:54,9,4,16,5,1,7,18,23,22,10,14,21,13,19,17,15,24,20,2,12,6,3,11,8,c24,68,42,p1
491,7/14/2025 7:54,16,7,2,6,8,3,15,23,21,17,18,14,20,19,10,22,24,13,12,9,5,11,4,1,c24,68,42,p1
492,7/14/2025 7:54,18,7,6,1,8,2,15,24,23,17,16,13,20,19,12,21,22,14,11,10,4,9,3,5,c24,68,42,p1
493,7/14/2025 7:54,4,9,11,3,13,2,22,17,12,18,20,19,21,14,23,24,10,16,7,5,6,8,1,15,c24,68,42,p1
494,7/14/2025 7:54,16,3,8,6,2,7,18,17,21,23,15,14,13,24,22,10,19,20,9,12,1,4,11,5,c24,68,42,p1
495,7/14/2025 7:54,11,4,1,12,9,5,19,20,13,24,22,10,23,15,14,18,17,21,6,8,3,16,7,2,c24,68,42,p1
496,7/14/2025 7:54,3,13,2,16,1,7,20,22,15,11,19,21,17,18,14,24,23,12,10,8,5,9,6,4,c24,68,42,p1
497,7/14/2025 7:54,9,2,14,3,13,1,19,20,11,18,24,16,23,15,21,22,10,17,5,7,4,8,6,12,c24,68,42,p1
498,7/14/2025 7:54,6,3,14,5,10,4,21,13,16,22,17,19,18,20,24,11,12,23,1,7,2,9,8,15,c24,68,42,p1
499,7/14/2025 7:54,9,1,7,3,8,14,10,15,24,23,20,16,19,21,18,11,17,22,5,6,12,2,13,4,c24,68,42,p1
500,7/14/2025 7:54,1,9,14,8,3,7,23,24,15,10,16,20,17,11,18,21,19,22,5,4,13,2,12,6,c24,68,42,p1
501,7/14/2025 7:54,9,5,8,10,4,6,24,23,12,17,18,14,15,11,19,21,20,22,1,16,2,13,3,7,c24,68,42,p1
502,7/14/2025 7:54,7,15,5,2,4,9,19,22,17,20,18,12,21,14,23,24,10,16,13,6,8,1,3,11,c24,68,42,p1
503,7/14/2025 7:54,5,9,12,1,4,11,10,22,24,13,20,19,23,21,17,18,14,15,3,8,6,2,7,16,c24,68,42,p1
504,7/14/2025 7:54,2,11,7,4,3,15,10,23,24,12,20,19,22,17,14,21,18,16,5,6,13,1,8,9,c24,68,42,p1
505,7/14/2025 7:54,7,18,2,8,1,6,17,23,24,15,13,16,22,21,12,19,20,14,11,5,3,9,4,10,c24,68,42,p1
506,7/14/2025 7:54,12,6,5,4,13,2,18,11,17,22,19,21,15,24,23,20,16,10,14,8,3,7,1,9,c24,68,42,p1
507,7/14/2025 7:54,11,13,1,3,6,8,21,14,23,24,10,16,12,19,22,17,20,18,15,7,9,4,2,5,c24,68,42,p1
508,7/14/2025 7:54,6,7,18,2,8,1,23,24,15,13,16,17,21,12,19,20,14,22,5,3,9,4,10,11,c24,68,42,p1
509,7/14/2025 7:54,3,11,9,4,2,13,17,22,19,20,18,12,23,14,21,16,10,24,1,8,6,5,7,15,c24,68,42,p1
510,7/14/2025 7:54,1,8,10,4,6,13,14,24,19,12,21,18,22,11,15,23,17,20,3,5,16,2,9,7,c24,68,42,p1
511,7/14/2025 7:54,13,3,7,1,16,2,11,15,22,20,21,19,23,24,14,18,17,12,10,4,6,9,5,8,c24,68,42,p1
512,7/14/2025 7:54,13,11,3,1,8,6,21,14,23,24,10,16,12,19,22,17,20,18,15,7,9,4,2,5,c24,68,42,p1
513,7/14/2025 7:54,10,4,6,9,5,8,17,18,14,24,23,12,21,20,22,15,11,19,13,3,7,1,16,2,c24,68,42,p1
514,7/14/2025 7:54,14,5,10,4,6,3,17,19,21,13,16,22,12,23,18,20,24,11,8,15,1,7,2,9,c24,68,42,p1
515,7/14/2025 7:54,8,1,6,7,18,2,15,13,16,17,23,24,19,20,14,22,21,12,9,4,10,11,5,3,c24,68,42,p1
516,7/14/2025 7:54,2,7,1,15,8,9,24,11,12,23,18,20,13,16,22,17,19,21,4,10,5,14,3,6,c24,68,42,p1
517,7/14/2025 7:54,1,5,16,4,9,7,18,21,14,10,22,23,19,13,20,24,15,17,3,6,12,2,8,11,c24,68,42,p1
518,7/14/2025 7:54,13,1,9,2,14,3,11,18,24,16,19,20,21,22,10,17,23,15,4,8,6,12,5,7,c24,68,42,p1
519,7/14/2025 7:54,1,7,2,9,8,15,12,11,24,20,18,23,17,22,16,13,21,19,6,3,14,5,10,4,c24,68,42,p1
520,7/14/2025 7:55,1,15,2,14,3,7,17,22,16,12,21,20,23,19,13,24,18,11,10,4,5,9,6,8,c24,68,42,p1
521,7/14/2025 7:55,4,6,9,5,8,10,12,17,18,14,24,23,19,21,20,22,15,11,2,13,3,7,1,16,c24,68,42,p1
522,7/14/2025 7:55,9,6,4,10,8,5,18,17,12,23,24,14,22,20,21,19,11,15,16,1,7,3,13,2,c24,68,42,p1
523,7/14/2025 7:55,2,5,15,7,9,4,22,19,12,18,20,17,23,14,21,16,10,24,3,1,8,6,13,11,c24,68,42,p1
524,7/14/2025 7:55,2,5,15,7,9,4,22,19,12,18,20,17,23,14,21,16,10,24,1,3,6,8,11,13,c24,68,42,p1
525,7/14/2025 7:55,13,2,16,1,7,3,21,20,22,15,11,19,12,17,18,14,24,23,4,10,8,5,9,6,c24,68,42,p1
526,7/14/2025 7:55,4,9,3,5,11,10,20,14,22,21,12,19,15,13,16,17,23,24,8,2,18,7,6,1,c24,68,42,p1
527,7/14/2025 7:55,12,6,3,11,8,2,20,24,15,17,19,13,21,14,10,22,23,18,7,9,4,16,5,1,c24,68,42,p1
528,7/14/2025 7:55,8,3,2,9,15,5,18,11,12,23,24,20,17,19,21,22,16,13,14,4,10,7,6,1,c24,68,42,p1
529,7/14/2025 7:55,6,12,2,8,11,3,17,15,24,20,13,19,23,22,10,14,21,18,7,1,5,16,4,9,c24,68,42,p1
530,7/14/2025 7:55,7,1,16,2,13,3,21,19,11,15,22,20,17,12,23,24,14,18,5,8,10,4,6,9,c24,68,42,p1
531,7/14/2025 7:55,3,7,1,15,2,14,16,12,21,20,17,22,13,24,18,11,23,19,5,9,6,8,10,4,c24,68,42,p1
532,7/14/2025 7:55,9,7,3,5,16,2,15,11,22,20,17,23,19,24,14,18,21,12,10,4,6,13,1,8,c24,68,42,p1
533,7/14/2025 7:55,1,6,7,18,2,8,24,15,13,16,17,23,12,19,20,14,22,21,3,9,4,10,11,5,c24,68,42,p1
534,7/14/2025 7:55,6,8,10,4,5,9,13,19,23,11,18,24,16,22,17,20,21,12,2,14,3,7,1,15,c24,68,42,p1
535,7/14/2025 7:55,6,13,1,8,10,4,19,12,21,18,14,24,15,23,17,20,22,11,16,2,9,7,3,5,c24,68,42,p1
536,7/14/2025 7:55,4,10,11,5,3,9,12,21,22,14,20,19,24,23,17,16,13,15,2,8,1,6,7,18,c24,68,42,p1
537,7/14/2025 7:55,13,6,4,10,8,1,18,21,12,19,24,14,22,20,17,23,15,11,16,5,3,7,9,2,c24,68,42,p1
538,7/14/2025 7:55,15,9,2,3,8,5,18,20,24,23,12,11,19,17,13,16,22,21,7,10,4,14,1,6,c24,68,42,p1
539,7/14/2025 7:55,8,10,4,6,9,5,18,14,24,23,12,17,20,22,15,11,19,21,3,7,1,16,2,13,c24,68,42,p1
540,7/14/2025 7:55,9,8,15,1,7,2,20,18,23,12,11,24,13,21,19,17,22,16,5,10,4,6,3,14,c24,68,42,p1
541,7/14/2025 7:55,2,16,5,3,7,9,23,17,20,22,11,15,19,12,21,18,14,24,6,4,10,8,1,13,c24,68,42,p1
542,7/14/2025 7:55,4,10,8,6,9,5,19,13,24,18,11,23,17,22,16,12,21,20,1,7,3,14,2,15,c24,68,42,p1
543,7/14/2025 7:55,9,2,16,5,3,7,17,20,22,11,15,23,12,21,18,14,24,19,4,10,8,1,13,6,c24,68,42,p1
544,7/14/2025 7:55,10,5,14,3,6,4,21,19,17,22,16,13,20,18,23,12,11,24,9,2,7,1,15,8,c24,68,42,p1
545,7/14/2025 7:55,11,9,4,2,13,3,12,17,22,19,20,18,24,23,14,21,16,10,15,1,8,6,5,7,c24,68,42,p1
546,7/14/2025 7:55,6,8,3,16,7,2,17,18,14,15,23,21,22,24,13,20,19,10,11,4,1,12,9,5,c24,68,42,p1
547,7/14/2025 7:55,8,5,15,9,2,3,24,23,12,11,18,20,13,16,22,21,19,17,4,14,1,6,7,10,c24,68,42,p1
548,7/14/2025 7:55,9,2,7,1,15,8,11,12,23,18,20,24,16,22,17,19,21,13,10,5,14,3,6,4,c24,68,42,p1
549,7/14/2025 7:55,18,2,8,1,6,7,16,17,23,24,15,13,14,22,21,12,19,20,10,11,5,3,9,4,c24,68,42,p1
550,7/14/2025 7:55,10,11,5,3,9,4,19,12,21,22,14,20,15,24,23,17,16,13,18,2,8,1,6,7,c24,68,42,p1
551,7/14/2025 7:55,8,15,1,7,2,9,24,20,18,23,12,11,16,13,21,19,17,22,14,5,10,4,6,3,c24,68,42,p1
552,7/14/2025 7:55,14,2,15,1,7,3,22,17,20,21,12,16,13,19,23,11,18,24,6,9,5,4,10,8,c24,68,42,p1
553,7/14/2025 7:55,15,5,8,3,2,9,12,23,24,20,18,11,21,22,16,13,17,19,10,7,6,1,14,4,c24,68,42,p1
554,7/14/2025 7:55,9,6,8,10,4,5,19,23,11,18,24,13,22,17,20,21,12,16,14,3,7,1,15,2,c24,68,42,p1
555,7/14/2025 7:55,7,9,2,16,5,3,20,22,11,15,23,17,21,18,14,24,19,12,10,8,1,13,6,4,c24,68,42,p1
556,7/14/2025 7:55,8,10,4,6,13,1,18,14,24,19,12,21,20,22,11,15,23,17,7,3,5,16,2,9,c24,68,42,p1
557,7/14/2025 7:55,6,1,8,2,18,7,16,13,15,24,23,17,22,14,20,19,12,21,3,5,11,10,4,9,c24,68,42,p1
558,7/14/2025 7:55,10,8,6,9,5,4,23,19,13,24,18,11,20,17,22,16,12,21,15,1,7,3,14,2,c24,68,42,p1
559,7/14/2025 7:55,3,5,16,2,9,7,17,23,15,11,22,20,21,12,19,24,14,18,1,8,10,4,6,13,c24,68,42,p1
560,7/14/2025 7:55,16,5,3,7,9,2,15,23,17,20,22,11,24,19,12,21,18,14,13,6,4,10,8,1,c24,68,42,p1
561,7/14/2025 7:55,1,6,7,10,4,14,13,17,19,21,22,16,24,20,18,11,12,23,2,3,8,5,15,9,c24,68,42,p1
562,7/14/2025 7:55,4,6,13,1,8,10,12,21,18,14,24,19,23,17,20,22,11,15,2,9,7,3,5,16,c24,68,42,p1
563,7/14/2025 7:55,7,1,15,8,9,2,20,24,11,12,23,18,21,13,16,22,17,19,6,4,10,5,14,3,c24,68,42,p1
564,7/14/2025 7:55,5,3,7,9,2,16,11,15,23,17,20,22,14,24,19,12,21,18,1,13,6,4,10,8,c24,68,42,p1
565,7/14/2025 7:55,2,16,1,7,3,13,19,21,20,22,15,11,23,12,17,18,14,24,6,4,10,8,5,9,c24,68,42,p1
566,7/14/2025 7:55,9,3,5,11,10,4,19,20,14,22,21,12,24,15,13,16,17,23,1,8,2,18,7,6,c24,68,42,p1
567,7/14/2025 7:55,15,1,7,2,9,8,11,24,20,18,23,12,22,16,13,21,19,17,3,14,5,10,4,6,c24,68,42,p1
568,7/14/2025 7:55,5,4,10,8,6,9,13,24,18,11,23,19,22,16,12,21,20,17,7,3,14,2,15,1,c24,68,42,p1
569,7/14/2025 7:55,1,8,2,18,7,6,17,16,13,15,24,23,21,22,14,20,19,12,9,3,5,11,10,4,c24,68,42,p1
570,7/14/2025 7:55,1,15,8,9,2,7,18,20,24,11,12,23,19,21,13,16,22,17,3,6,4,10,5,14,c24,68,42,p1
571,7/14/2025 7:55,3,14,2,15,1,7,17,20,21,12,16,22,19,23,11,18,24,13,9,5,4,10,8,6,c24,68,42,p1
572,7/14/2025 7:55,5,11,10,4,9,3,21,12,19,20,14,22,17,23,24,15,13,16,7,6,1,8,2,18,c24,68,42,p1
573,7/14/2025 7:55,14,1,6,7,10,4,17,19,21,22,16,13,20,18,11,12,23,24,3,8,5,15,9,2,c24,68,42,p1
574,7/14/2025 7:55,10,8,1,13,6,4,19,24,14,18,21,12,23,15,11,22,20,17,7,9,2,16,5,3,c24,68,42,p1
575,7/14/2025 7:55,7,1,15,2,14,3,22,16,12,21,20,17,19,13,24,18,11,23,4,5,9,6,8,10,c24,68,42,p1
576,7/14/2025 7:55,5,3,9,4,10,11,14,20,19,12,21,22,16,13,15,24,23,17,6,7,18,2,8,1,c24,68,42,p1
